"targets","layer","layer_old","name","description","fld_value","units","path_in","path_in_exists","filename","path_out"
"AO","ao_access","rn_ao_access","Fisheries management effectiveness and opportunity","The opportunity for artisanal and recreational fishing based on the quality of management of the small- scale fishing sector (Mora et al 2009)","value","value","/Volumes/data_edit/model/GL-NCEAS-Resilience_v2013a/data/r_mora_s4_2013a.csv",TRUE,"ao_access.csv","eez2012/layers/ao_access.csv"
"AO","ao_need","rny_ao_need","Purchasing power parity as a proxy for subsistence fishing need, by region","The per capita purchasing power parity (PPP) adjusted gross domestic product (GDP): GDPpcPPP","value","value","/Volumes/data_edit/model/GL-NCEAS-ArtisanalOpportunities_v2013a/data/rgn_wb_gdppcppp_rescaled_year_2012b.csv",TRUE,"ao_need.csv","eez2012/layers/ao_need.csv"
"CW","cw_coastalpopn_trend","rn_cw_coastalpopn_trend","Coastal human population as a proxy for trend in trash","Coastal population, defined as the total population inland of 25 miles ","trend","trend score","/Volumes/data_edit/model/GL-NCEAS-CoastalPopulation_v2013/data/rgn_popn5yrtrend_inland25mi_2007to2012.csv",TRUE,"cw_coastalpopn_trend.csv","eez2012/layers/cw_coastalpopn_trend.csv"
"CW","cw_fertilizer_trend","rn_cw_fertilizer_trend","Fertilizer consumption as a proxy for trend in nutrient pollution","Statistics on fertilizer consumption from the Food and Agricultural Organization (FAO) ","trend.score","trend score","/Volumes/data_edit/model/GL-NCEAS_CW_trends_v2013a/data/GL-NCEAS_CW_Fertilizers_trend_v2012a.csv",TRUE,"cw_fertilizer_trend.csv","eez2012/layers/cw_fertilizer_trend.csv"
"CW","cw_pathogen_trend","rn_cw_pathogen_trend","Trends in access to improved sanitation as a proxy for pathogen pollution trend","Trends in percent of population with access to improved sanitation facilities ","trend","trend score","/Volumes/data_edit/model/GL-NCEAS-Pressures_v2013a/data/po_pathogens_trend_sanitation2008to2011_popninland25km2008to2013.csv",TRUE,"cw_pathogen_trend.csv","eez2012/layers/cw_pathogen_trend.csv"
"CW","cw_pesticide_trend","rn_cw_pesticide_trend","Pesticide consumption as a proxy for trend in chemical pollution","Statistics on pesticides consumption from the Food and Agricultural Organization (FAO) ","trend.score","trend score","/Volumes/data_edit/model/GL-NCEAS_CW_trends_v2013a/data/GL-NCEAS_CW_Pesticides_trend_v2012a.csv",TRUE,"cw_pesticide_trend.csv","eez2012/layers/cw_pesticide_trend.csv"
"FIS","fis_b_bmsy","fnk_fis_b_bmsy","B/Bmsy estimates obtained using the catch-MSY method",,"b_bmsy","B / B_msy","/Volumes/data_edit/model/GL-NCEAS_FIS_v2013a/RevisingFIS/data//fnk_fis_b_bmsy_lyr.csv",TRUE,"fis_b_bmsy.csv","eez2012/layers/fis_b_bmsy.csv"
"FIS","fis_meancatch","snk_fis_meancatch","Catch data for each Taxon/FAO/SAUP region averaged across years (1980-2011)","Reported data includes years 2006-2011","mean_catch","metric tons","/Volumes/data_edit/model/GL-NCEAS_FIS_v2013a/RevisingFIS/data//snk_fis_meancatch_lyr.csv",TRUE,"fis_meancatch.csv","eez2012/layers/fis_meancatch.csv"
"FIS","fis_proparea_saup2rgn","snk_fis_proparea_saup2rgn","area of each saup/total OHI reporting region","For converting saup regions to OHI reporting regions","prop_area","proportion of area","/Volumes/data_edit/model/GL-NCEAS_FIS_v2013a/RevisingFIS/data//snk_fis_proparea_saup2rgn_lyr.csv",TRUE,"fis_proparea_saup2rgn.csv","eez2012/layers/fis_proparea_saup2rgn.csv"
"FP","fp_wildcaught_weight","rn_fp_wildcaught_weight","Fisheries weighting factor","Proportional yield of wild caught fisheries","w_fis","value","/Volumes/data_edit/model/GL-NCEAS_FIS_v2012a/GL_FP_wildcaught_weight_v2012a_lyr.csv",TRUE,"fp_wildcaught_weight.csv","eez2012/layers/fp_wildcaught_weight.csv"
"HAB CS CP","hab_extent","rnk_hab_extent","Habitat extent","Modeled combined habitat extent","km2","km^2","/Volumes/data_edit/model/GL-NCEAS-Habitats_v2013a/data/hab_habtitat_extent_NewSeaIce_2012.csv",TRUE,"hab_extent.csv","eez2012/layers/hab_extent.csv"
"HAB CS CP","hab_health","rnk_hab_health","Habitat health","Modeled combined habitat health condition trend","health","value","/Volumes/data_edit/model/GL-NCEAS-Habitats_v2013a/data/hab_habitat_health_2012.csv",TRUE,"hab_health.csv","eez2012/layers/hab_health.csv"
"HAB CS CP","hab_trend","rnk_hab_trend","Habitat health trend","Modeled combined habitat health trend","trend","trend score","/Volumes/data_edit/model/GL-NCEAS-Habitats_v2013a/data/hab_habitat_trend_2012.csv",TRUE,"hab_trend.csv","eez2012/layers/hab_trend.csv"
"ICO","ico_spp_extinction_status","rnk_ico_spp_extinction_status","IUCN extinction risk category for iconic species","International Union for Conservation of Nature (IUCN) Red List threat categories with aggregated species lists ","category","category","/Volumes/data_edit/model/GL-NCEAS-IconicSpecies_v2013/data/ico_spp_extinction_status.csv",TRUE,"ico_spp_extinction_status.csv","eez2012/layers/ico_spp_extinction_status.csv"
"ICO","ico_spp_popn_trend","rnk_ico_spp_popn_trend","IUCN population trend as a proxy for iconic species trend","International Union for Conservation of Nature (IUCN) Red List threat categories with aggregated species lists ","popn_trend","trend score","/Volumes/data_edit/model/GL-NCEAS-IconicSpecies_v2013/data/ico_spp_popn_trend.csv",TRUE,"ico_spp_popn_trend.csv","eez2012/layers/ico_spp_popn_trend.csv"
"LE","le_gdp_pc_ppp","le_gdp_pc_ppp","Modeled Livelihoods & Economies data","gross domestic product per person at purchasing power parity","usd","USD","../ohiprep/Global/NCEAS-Livelihoods_v2013/data/le_cntry_gdp_pc_ppp_2013a.csv",TRUE,"le_gdp_pc_ppp.csv","eez2012/layers/le_gdp_pc_ppp.csv"
"LE","le_jobs_cur_adj_value","le_jobs_cur_adj_value","Modeled Livelihoods & Economies data","One of current or reference and base or adjusted value","value","value","../ohiprep/Global/NCEAS-Livelihoods_v2013/data/le_2012_status_model_curref_jobs_cur_adj_value.csv",TRUE,"le_jobs_cur_adj_value.csv","eez2012/layers/le_jobs_cur_adj_value.csv"
"LE","le_jobs_cur_base_value","le_jobs_cur_base_value","Modeled Livelihoods & Economies data","One of current or reference and base or adjusted value","value","value","../ohiprep/Global/NCEAS-Livelihoods_v2013/data/le_2012_status_model_curref_jobs_cur_base_value.csv",TRUE,"le_jobs_cur_base_value.csv","eez2012/layers/le_jobs_cur_base_value.csv"
"LE","le_jobs_ref_adj_value","le_jobs_ref_adj_value","Modeled Livelihoods & Economies data","One of current or reference and base or adjusted value","value","value","../ohiprep/Global/NCEAS-Livelihoods_v2013/data/le_2012_status_model_curref_jobs_ref_adj_value.csv",TRUE,"le_jobs_ref_adj_value.csv","eez2012/layers/le_jobs_ref_adj_value.csv"
"LE","le_jobs_ref_base_value","le_jobs_ref_base_value","Modeled Livelihoods & Economies data","One of current or reference and base or adjusted value","value","value","../ohiprep/Global/NCEAS-Livelihoods_v2013/data/le_2012_status_model_curref_jobs_ref_base_value.csv",TRUE,"le_jobs_ref_base_value.csv","eez2012/layers/le_jobs_ref_base_value.csv"
"LE","le_rev_cur_adj_value","le_rev_cur_adj_value","Modeled Livelihoods & Economies data","One of current or reference and base or adjusted value","value","value","../ohiprep/Global/NCEAS-Livelihoods_v2013/data/le_2012_status_model_curref_rev_cur_adj_value.csv",TRUE,"le_rev_cur_adj_value.csv","eez2012/layers/le_rev_cur_adj_value.csv"
"LE","le_rev_cur_base_value","le_rev_cur_base_value","Modeled Livelihoods & Economies data","One of current or reference and base or adjusted value","value","value","../ohiprep/Global/NCEAS-Livelihoods_v2013/data/le_2012_status_model_curref_rev_cur_base_value.csv",TRUE,"le_rev_cur_base_value.csv","eez2012/layers/le_rev_cur_base_value.csv"
"LE","le_rev_ref_adj_value","le_rev_ref_adj_value","Modeled Livelihoods & Economies data","One of current or reference and base or adjusted value","value","value","../ohiprep/Global/NCEAS-Livelihoods_v2013/data/le_2012_status_model_curref_rev_ref_adj_value.csv",TRUE,"le_rev_ref_adj_value.csv","eez2012/layers/le_rev_ref_adj_value.csv"
"LE","le_rev_ref_base_value","le_rev_ref_base_value","Modeled Livelihoods & Economies data","One of current or reference and base or adjusted value","value","value","../ohiprep/Global/NCEAS-Livelihoods_v2013/data/le_2012_status_model_curref_rev_ref_base_value.csv",TRUE,"le_rev_ref_base_value.csv","eez2012/layers/le_rev_ref_base_value.csv"
"LE","le_revenue_adj","le_revenue_adj","Modeled Livelihoods & Economies data","adjusted revenue","usd","USD","../ohiprep/Global/NCEAS-Livelihoods_v2013/data/le_revenue_adj.csv",TRUE,"le_revenue_adj.csv","eez2012/layers/le_revenue_adj.csv"
"LE","le_wage_cur_adj_value","le_wage_cur_adj_value","Modeled Livelihoods & Economies data","One of current or reference and base or adjusted value","value","value","../ohiprep/Global/NCEAS-Livelihoods_v2013/data/le_2012_status_model_curref_wage_cur_adj_value.csv",TRUE,"le_wage_cur_adj_value.csv","eez2012/layers/le_wage_cur_adj_value.csv"
"LE","le_wage_cur_base_value","le_wage_cur_base_value","Modeled Livelihoods & Economies data","One of current or reference and base or adjusted value","value","value","../ohiprep/Global/NCEAS-Livelihoods_v2013/data/le_2012_status_model_curref_wage_cur_base_value.csv",TRUE,"le_wage_cur_base_value.csv","eez2012/layers/le_wage_cur_base_value.csv"
"LE","le_wage_ref_adj_value","le_wage_ref_adj_value","Modeled Livelihoods & Economies data","One of current or reference and base or adjusted value","value","value","../ohiprep/Global/NCEAS-Livelihoods_v2013/data/le_2012_status_model_curref_wage_ref_adj_value.csv",TRUE,"le_wage_ref_adj_value.csv","eez2012/layers/le_wage_ref_adj_value.csv"
"LE","le_wage_ref_base_value","le_wage_ref_base_value","Modeled Livelihoods & Economies data","One of current or reference and base or adjusted value","value","value","../ohiprep/Global/NCEAS-Livelihoods_v2013/data/le_2012_status_model_curref_wage_ref_base_value.csv",TRUE,"le_wage_ref_base_value.csv","eez2012/layers/le_wage_ref_base_value.csv"
"LE","le_workforcesize_adj","le_workforcesize_adj","Modeled Livelihoods & Economies data","adjusted workforce size","jobs","jobs","../ohiprep/Global/NCEAS-Livelihoods_v2013/data/le_workforcesize_adj.csv",TRUE,"le_workforcesize_adj.csv","eez2012/layers/le_workforcesize_adj.csv"
"LE pressures","le_sector_weight","rnk_le_sector_weight","Jobs weighting","Jobs weighting by sector (defaulting to 1)","weight","value","/Volumes/data_edit/model/GL-NCEAS-Pressures_v2013a/data/le_sector_weight_disaggregateNature2012b.csv",TRUE,"le_sector_weight.csv","eez2012/layers/le_sector_weight.csv"
"LIV ECO","le_popn","rny_le_popn","Total population by subregion","Population data from The World Bank","count","count","/Volumes/data_edit/model/GL-WorldBank-Statistics_v2012/data/rgn_wb_pop_2013a_updated.csv",TRUE,"le_popn.csv","eez2012/layers/le_popn.csv"
"LIV ECO","liveco_status","rn_liveco_status","Modeled livelihoods and economies status","Modeled livelihoods and economies status based on new approach","value","status score","/Volumes/data_edit/model/GL-NCEAS-LayersDisaggregated_v2013a/data/rgn_liv.eco_status_2012a.csv",TRUE,"liveco_status.csv","eez2012/layers/liveco_status.csv"
"LIV ECO","liveco_trend","rn_liveco_trend","Modeled livelihoods and economies trend","Modeled livelihoods and economies trend based on new approach","value","trend score","/Volumes/data_edit/model/GL-NCEAS-LayersDisaggregated_v2013a/data/rgn_liv.eco_trend_2012a.csv",TRUE,"liveco_trend.csv","eez2012/layers/liveco_trend.csv"
"LSP","lsp_prot_area_inland1km","rny_lsp_prot_area_inland1km","Coastal protected areas inland 1km","Coastal protected areas inland to 1km","area_km2","km^2","/Volumes/data_edit/model/GL-WDPA-MPA_v2013/data/lsp_prot_area_inland1km.csv",TRUE,"lsp_prot_area_inland1km.csv","eez2012/layers/lsp_prot_area_inland1km.csv"
"LSP","lsp_prot_area_offshore3nm","rny_lsp_prot_area_offshore3nm","Coastal marine protected areas offshore 3km","Coastal marine protected areas offshore to 3nm","area_km2","km^2","/Volumes/data_edit/model/GL-WDPA-MPA_v2013/data/lsp_prot_area_offshore3nmb.csv",TRUE,"lsp_prot_area_offshore3nm.csv","eez2012/layers/lsp_prot_area_offshore3nm.csv"
"MAR","mar_coastalpopn_inland25mi","mar_coastalpopn_inland25mi","Coastal population inland 25 miles","Coastal population inland 25 miles by year (2005-2015)","popsum","people","/Volumes/data_edit/model/GL-NCEAS-CoastalPopulation_v2013/data/rgn_popsum2005to2015_inland25mi.csv",TRUE,"mar_coastalpopn_inland25mi.csv","eez2012/layers/mar_coastalpopn_inland25mi.csv"
"MAR","mar_harvest_species","mar_harvest_species","Mariculture species harvested",,"species","species name","/Volumes/data_edit/model/GL-NCEAS_MAR_v2013a/Revision_Dec202013/mar_harvest_species_lyr.csv",TRUE,"mar_harvest_species.csv","eez2012/layers/mar_harvest_species.csv"
"MAR","mar_harvest_tonnes","mar_harvest_tonnes","Mariculture harvest","Mariculture harvest by species and year","tonnes","tons","/Volumes/data_edit/model/GL-NCEAS_MAR_v2013a/Revision_Dec202013/MAR_harvest_tonnes_lyr.csv",TRUE,"mar_harvest_tonnes.csv","eez2012/layers/mar_harvest_tonnes.csv"
"MAR","mar_sustainability_score","mar_sustainability_score","Mariculture sustainability score","Mariculture sustainability score by species","sust_coeff","sustainability","/Volumes/data_edit/model/GL-NCEAS_MAR_v2013a/Revision_Dec202013/mar_sustainability_score_lyr.csv",TRUE,"mar_sustainability_score.csv","eez2012/layers/mar_sustainability_score.csv"
"MAR","mar_trend_years","mar_trend_years","Mariculter years used for trend",,"trend_yrs","year string","/Volumes/data_edit/model/GL-NCEAS_MAR_v2013a/Revision_Dec202013/mar_trend_years_lyr.csv",TRUE,"mar_trend_years.csv","eez2012/layers/mar_trend_years.csv"
"NP","np_blast",,"Areas of observed blast (dynamite) fishing",,"score","pressure score","../ohiprep/Global/WRI-ReefsAtRisk_v2013/data/gl_thr_blast_3nm_rgn2013.csv",TRUE,"np_blast.csv","eez2012/layers/np_blast.csv"
"NP","np_coral_reef",,"Coral reef area (km2)",,"area_km2","km^2","../ohiprep/Global/NCEAS-Halpern2008_v2014/data/ecosystems_coral_reef.csv",TRUE,"np_coral_reef.csv","eez2012/layers/np_coral_reef.csv"
"NP","np_cyanide",,"Areas of observed poison fishing",,"score","pressure score","../ohiprep/Global/WRI-ReefsAtRisk_v2013/data/gl_thr_poison_3nm_rgn2013.csv",TRUE,"np_cyanide.csv","eez2012/layers/np_cyanide.csv"
"NP","np_harvest_product_weight",,"Ratio of product peak harvest value (in 2010 USD) divided by sum of all product peak harvest values, per region",,"weight","ratio","../ohiprep/Global/NCEAS-NaturalProducts_v2014/data/np_harvest_usd-peak-product-weight_year-max-2009.csv",TRUE,"np_harvest_product_weight.csv","eez2012/layers/np_harvest_product_weight.csv"
"NP","np_harvest_tonnes","rnky_np_harvest_relative","Harvest yield of marine natural products","Yield in metric tonnes of six marine products (coral, fish oil, seaweed and plants, shells, sponges, ornamental fish)","tonnes","metric tonnes","../ohiprep/Global/FAO-Commodities_v2011/data/FAO-Commodities_v2011_tonnes_lyr.csv",TRUE,"np_harvest_tonnes.csv","eez2012/layers/np_harvest_tonnes.csv"
"NP","np_harvest_usd","rnky_np_harvest_relative","Harvest value of marine natural products","Value in 2010 US dollars of six marine products (coral, fish oil, seaweed and plants, shells, sponges, ornamental fish)","usd","2010 USD","../ohiprep/Global/FAO-Commodities_v2011/data/FAO-Commodities_v2011_usd_lyr.csv",TRUE,"np_harvest_usd.csv","eez2012/layers/np_harvest_usd.csv"
"NP","np_rocky_reef",,"Rocky reef area (km2)",,"area_km2","km^2","../ohiprep/Global/NCEAS-Halpern2008_v2014/data/ecosystems_rky_reef.csv",TRUE,"np_rocky_reef.csv","eez2012/layers/np_rocky_reef.csv"
"pressures","cc_acid","cc_acid","Ocean acidification","Modeled distribution of the aragonite saturation state (AAS) of the ocean in pre-industrial (~1870) and modern times (2000-2009) from Halpern et al. 2008","pressure_score","pressure score","/Volumes/data_edit/model/GL-NCEAS-Pressures_v2013a/data/cc_acid_2012_NEW.csv",TRUE,"cc_acid.csv","eez2012/layers/cc_acid.csv"
"pressures","cc_slr","cc_slr","Sea level rise","Modeled sea level rise after Halpern et al. 2008","pressure_score","pressure score","/Volumes/data_edit/model/GL-NCEAS-Pressures_v2013a/data/cc_slr_2012_NEW.csv",TRUE,"cc_slr.csv","eez2012/layers/cc_slr.csv"
"pressures","cc_sst","cc_sst","Sea surface temperature (SST) anomalies","Modeled sea level rise after Halpern et al. 2008","pressure_score","pressure score","/Volumes/data_edit/model/GL-NCEAS-Pressures_v2013a/data/cc_sst_2012_NEW.csv",TRUE,"cc_sst.csv","eez2012/layers/cc_sst.csv"
"pressures","cc_uv","cc_uv","UV radiation","Modeled UV radiation after Halpern et al. 2008","pressure_score","pressure score","/Volumes/data_edit/model/GL-NCEAS-Pressures_v2013a/data/cc_uv_2012_NEW.csv",TRUE,"cc_uv.csv","eez2012/layers/cc_uv.csv"
"pressures","fp_art_hb","fp_art_hb","High bycatch caused by artisanal fishing ","The presence of destructive artisanal blast and poison (cyanide) fishing","pressures.score","pressure score","/Volumes/data_edit/model/GL-NCEAS-Pressures_v2013a/data/p_fp_art_hb_disaggregateNature2012.csv",TRUE,"fp_art_hb.csv","eez2012/layers/fp_art_hb.csv"
"pressures","fp_art_lb","fp_art_lb","Low bycatch caused by artisanal fishing ","Statistics of low bycatch artisanal fishing using non-destructive practices","pressure_score","pressure score","/Volumes/data_edit/model/GL-NCEAS-Pressures_v2013a/data/fp_art_lb_2012_NEW.csv",TRUE,"fp_art_lb.csv","eez2012/layers/fp_art_lb.csv"
"pressures","fp_com_hb","fp_com_hb","High bycatch caused by commercial fishing ","Statistics of destructive commercial fishing practices by 5 different gear types (developed in Halpern et al. 2008)","pressure_score","pressure score","/Volumes/data_edit/model/GL-NCEAS-Pressures_v2013a/data/fp_com_hb_2012_NEW.csv",TRUE,"fp_com_hb.csv","eez2012/layers/fp_com_hb.csv"
"pressures","fp_com_lb","fp_com_lb","Low bycatch caused by commercial fishing ","Statistics of least destructive commercial fishing practices by 2 different gear types (developed in Halpern et al. 2008)","pressure_score","pressure score","/Volumes/data_edit/model/GL-NCEAS-Pressures_v2013a/data/fp_com_lb_2012_NEW.csv",TRUE,"fp_com_lb.csv","eez2012/layers/fp_com_lb.csv"
"pressures","fp_targetharvest","fp_targetharvest","Targeted harvest of cetaceans and sea turtles","Targeted harvest of cetaceans and marine turtles, from Food and Agricultural Organization data","score","pressure score","/Volumes/data_edit/model/GL-FAO-TargetedHarvest_v2011/data/rgn_fao_targeted_2012a_rescaled.csv",TRUE,"fp_targetharvest.csv","eez2012/layers/fp_targetharvest.csv"
"pressures","hd_intertidal","hd_intertidal","Coastal population density as a proxy for intertidal habitat destruction","Coastal population density within 10 km of the coast","pressure_score","pressure score","/Volumes/data_edit/model/GL-NCEAS-Pressures_v2013a/data/hd_intertidal_2012_NEW.csv",TRUE,"hd_intertidal.csv","eez2012/layers/hd_intertidal.csv"
"pressures","hd_subtidal_hb","hd_subtidal_hb","High bycatch artisanal fishing practices as a proxy for subtidal hard bottom habitat destruction","The presence of destructive artisanal blast and poison (cyanide) fishing","value","pressure score","/Volumes/data_edit/model/GL-NCEAS-Pressures_v2013a/data/p_hd_subtidal_hb_v2013a.csv",TRUE,"hd_subtidal_hb.csv","eez2012/layers/hd_subtidal_hb.csv"
"pressures","hd_subtidal_sb","hd_subtidal_sb","High bycatch commercial fishing practices as a proxy for subtidal soft bottom habitat destruction","Spatially distributed commercial catch data by fishing gear type, developed by Sea Around Us Project","pressures.score","pressure score","/Volumes/data_edit/model/GL-NCEAS-subtidal_softbottom_v2013a/data/po_rgn_hd_subtidal_sb_2012a.csv",TRUE,"hd_subtidal_sb.csv","eez2012/layers/hd_subtidal_sb.csv"
"pressures","po_chemicals_3nm","po_chemicals_3nm","Land-based chemical pollution","Land-based organic pollution at 1km2 resolution (as developed in Halpern et al. 2008)","pressure_score","pressure score","/Volumes/data_edit/model/GL-NCEAS-Pressures_v2013a/data/po_chemicals_3nm_2012_NEW.csv",TRUE,"po_chemicals_3nm.csv","eez2012/layers/po_chemicals_3nm.csv"
"pressures","po_nutrients_3nm","po_nutrients_3nm","Coastal nutrient pollution","Modeled coastal nutrient pollution based on Halpern et al. 2008","pressure_score","pressure score","/Volumes/data_edit/model/GL-NCEAS-Pressures_v2013a/data/po_nutrients_3nm_2012_NEW.csv",TRUE,"po_nutrients_3nm.csv","eez2012/layers/po_nutrients_3nm.csv"
"pressures","sp_alien","sp_alien","Alien species","The number and type of invasive and harmful invasive species in each marine ecoregion","pressures.score","pressure score","/Volumes/data_edit/model/GL-NCEAS-Pressures_v2013a/data/p_sp_alien_2013a.csv",TRUE,"sp_alien.csv","eez2012/layers/sp_alien.csv"
"pressures","sp_genetic","sp_genetic","Introduced species as a proxy for genetic escapes ","Statistics on native or introduced species from the Mariculture Sustainibility Index (MSI)","pressures.score","pressure score","/Volumes/data_edit/model/GL-NCEAS-Pressures-GenEsc_v2013a/data/GenEsc_v2012a.csv",TRUE,"sp_genetic.csv","eez2012/layers/sp_genetic.csv"
"pressures","ss_wgi","ss_wgi","Weakness of governance indicated with the WGI","Inverse of World Governance Indicators (WGI) six combined scores","score","pressure score","/Volumes/data_edit/model/GL-WorldBank-WGI_v2011/data/rgn_wb_wgi_2012a_rescaled_inverse.csv",TRUE,"ss_wgi.csv","eez2012/layers/ss_wgi.csv"
"pressures CP","cp_habitat_extent_rank","rnk_cp_habitat_extent_rank","Habitat extent * rank, per Coastal Protection habitats","Habitat extent * habitat rank for Coastal Protection habitats: coral, mangrove offshore 1km, mangrove inland 1km, saltmarsh, seaice_shoreline and seagrass","extent_rank","rank","/Volumes/data_edit/model/GL-NCEAS-Habitats_v2013a/data/cp_habitat_extent_rank.csv",TRUE,"cp_habitat_extent_rank.csv","eez2012/layers/cp_habitat_extent_rank.csv"
"pressures CS","cs_habitat_extent","rnk_cs_habitat_extent","Habitat extent * rank, per Carbon Storage habitats","Habitat extent * habitat rank for Carbon Storage habitats: mangrove, saltmarsh and seagrass","km2","km^2","/Volumes/data_edit/model/GL-NCEAS-Habitats_v2013a/data/cs_habitat_extent.csv",TRUE,"cs_habitat_extent.csv","eez2012/layers/cs_habitat_extent.csv"
"pressures CW","po_chemicals","po_chemicals","Ocean-based chemical pollution","Ocean-based chemical pollution from commercial shipping traffic and ports and harbors","pressure_score","pressure score","/Volumes/data_edit/model/GL-NCEAS-Pressures_v2013a/data/po_chemicals_2012_NEW.csv",TRUE,"po_chemicals.csv","eez2012/layers/po_chemicals.csv"
"pressures CW","po_nutrients","po_nutrients","Ocean nutrient pollution","Modeled ocean nutrient pollution based on Halpern et al. 2008","pressure_score","pressure score","/Volumes/data_edit/model/GL-NCEAS-Pressures_v2013a/data/po_nutrients_2012_NEW.csv",TRUE,"po_nutrients.csv","eez2012/layers/po_nutrients.csv"
"pressures CW","po_pathogens","po_pathogens","Access to improved sanitation as a proxy for pathogen pollution","Percent of population with access to improved sanitation facilities ","pressure_score","pressure score","/Volumes/data_edit/model/GL-NCEAS-Pressures_v2013a/data/po_pathogens_sanitation2008_popninland25km2008.csv",TRUE,"po_pathogens.csv","eez2012/layers/po_pathogens.csv"
"pressures CW","po_trash","po_trash","Trash pollution","Density of trash from coastal land and sea","pressure_score","pressure score","/Volumes/data_edit/model/GL-NCEAS-Pressures_v2013a/data/po_trash2011.csv",TRUE,"po_trash.csv","eez2012/layers/po_trash.csv"
"pressures HAB","hab_presence","rnk_hab_presence","Habitat presence","Modeled combined habitat presence","boolean","boolean","/Volumes/data_edit/model/GL-NCEAS-Habitats_v2013a/data/hab_habitat_presence.csv",TRUE,"hab_presence.csv","eez2012/layers/hab_presence.csv"
"resilience","alien_species","alien_species","Alien species","The number and type of invasive and harmful invasive species in each marine ecoregion","resilience score","resilience score","/Volumes/data_edit/model/GL-NCEAS-Resilience_v2013a/data/r_alien_species_Nature2012disaggregated.csv",TRUE,"alien_species.csv","eez2012/layers/alien_species.csv"
"resilience","cites","cites","Resilience from commitment to CITES","Convention on International Trade in Endangered Species of Wild Fauna and Flora (CITES) signatories","resilience score","resilience score","/Volumes/data_edit/model/GL-NCEAS-Resilience_v2013a/data/r_cites_2013a.csv",TRUE,"cites.csv","eez2012/layers/cites.csv"
"resilience","fishing_v1","fishing_v1","CBD survey: coastal fishing v1","Convention on Biological Diversity (CBD) Third National Survey questions in 2005","resilience score","resilience score","/Volumes/data_edit/model/GL-NCEAS-Resilience_v2013a/data/r_fishing_v1_2013a.csv",TRUE,"fishing_v1.csv","eez2012/layers/fishing_v1.csv"
"resilience","fishing_v1_eez","fishing_v1_eez","CBD survey: ocean fishing v1","Convention on Biological Diversity (CBD) Third National Survey questions in 2005","resilience score","resilience score","/Volumes/data_edit/model/GL-NCEAS-Resilience_v2013a/data/r_fishing_v1_eez_2013a.csv",TRUE,"fishing_v1_eez.csv","eez2012/layers/fishing_v1_eez.csv"
"resilience","fishing_v2_eez","fishing_v2_eez","CBD survey: ocean fishing v2","Convention on Biological Diversity (CBD) Third National Survey questions in 2005","resilience score","resilience score","/Volumes/data_edit/model/GL-NCEAS-Resilience_v2013a/data/r_fishing_v2_eez_2013a.csv",TRUE,"fishing_v2_eez.csv","eez2012/layers/fishing_v2_eez.csv"
"resilience","fishing_v3","fishing_v3","CBD survey: coastal fishing v3","Convention on Biological Diversity (CBD) Third National Survey questions in 2005","resilience score","resilience score","/Volumes/data_edit/model/GL-NCEAS-Resilience_v2013a/data/r_fishing_v3_2013a.csv",TRUE,"fishing_v3.csv","eez2012/layers/fishing_v3.csv"
"resilience","fishing_v3_eez","fishing_v3_eez","CBD survey: ocean fishing v3","Convention on Biological Diversity (CBD) Third National Survey questions in 2005","resilience score","resilience score","/Volumes/data_edit/model/GL-NCEAS-Resilience_v2013a/data/r_fishing_v3_eez_2013a.csv",TRUE,"fishing_v3_eez.csv","eez2012/layers/fishing_v3_eez.csv"
"resilience","habitat","habitat","CBD survey: habitat","Convention on Biological Diversity (CBD) Third National Survey questions in 2005","resilience score","resilience score","/Volumes/data_edit/model/GL-NCEAS-Resilience_v2013a/data/r_habitat_2013a.csv",TRUE,"habitat.csv","eez2012/layers/habitat.csv"
"resilience","habitat_combo","habitat_combo","CBD survey: coastal habitat","Convention on Biological Diversity (CBD) Third National Survey questions in 2005","resilience score","resilience score","/Volumes/data_edit/model/GL-NCEAS-Resilience_v2013a/data/r_habitat_combo_2013a.csv",TRUE,"habitat_combo.csv","eez2012/layers/habitat_combo.csv"
"resilience","habitat_combo_eez","habitat_combo_eez","CBD survey: ocean habitat","Convention on Biological Diversity (CBD) Third National Survey questions in 2005","resilience score","resilience score","/Volumes/data_edit/model/GL-NCEAS-Resilience_v2013a/data/r_habitat_combo_eez_2013a.csv",TRUE,"habitat_combo_eez.csv","eez2012/layers/habitat_combo_eez.csv"
"resilience","li_gci","li_gci","GCI: competitiveness in achieving sustained economic prosperity","Global Competitiveness Index (GCI) scores (score)","score","resilience score","/Volumes/data_edit/model/GL-NCEAS-Resilience_v2013a/data/r_li_gci_Nature2012disaggregated.csv",TRUE,"li_gci.csv","eez2012/layers/li_gci.csv"
"resilience","li_sector_evenness","li_sector_evenness","Sector evenness as a measure of economic diversity","Shannon's Diversity Index calculated sector evenness based on the total number of sectors and the proportion of jobs belonging to any sector","resilience score","resilience score","/Volumes/data_edit/model/GL-NCEAS-Resilience_v2013a/data/r_li_sector_evenness_2013a.csv",TRUE,"li_sector_evenness.csv","eez2012/layers/li_sector_evenness.csv"
"resilience","mariculture","mariculture","CBD survey: mariculture","Convention on Biological Diversity (CBD) Third National Survey questions in 2005","resilience score","resilience score","/Volumes/data_edit/model/GL-NCEAS-Resilience_v2013a/data/r_mariculture_2013a.csv",TRUE,"mariculture.csv","eez2012/layers/mariculture.csv"
"resilience","msi_gov","msi_gov"," MSI sustainability and regulations","Mariculture practice assessment criteria from the Mariculture Sustainability Index (MSI)","resilience score","resilience score","/Volumes/data_edit/model/GL-NCEAS-Resilience_v2013a/data/r_msi_gov_2013a.csv",TRUE,"msi_gov.csv","eez2012/layers/msi_gov.csv"
"resilience","species_diversity","species_diversity","Ocean ecological integrity","Marine species diversity as a proxy for ecological integrity: ocean","score","resilience score","/Volumes/data_edit/model/GL-NCEAS-SpeciesDiversity_v2013a/data/rgn_spp_score_2012.csv",TRUE,"species_diversity.csv","eez2012/layers/species_diversity.csv"
"resilience","species_diversity_3nm","species_diversity_3nm","Coastal ecological integrity","Marine species diversity as a proxy for ecological integrity: coastal","score","resilience score","/Volumes/data_edit/model/GL-NCEAS-SpeciesDiversity_v2013a/data/rgn_spp_score_offshore3nm_2013.csv",TRUE,"species_diversity_3nm.csv","eez2012/layers/species_diversity_3nm.csv"
"resilience","tourism","tourism","CBD survey: tourism","Convention on Biological Diversity (CBD) Third National Survey questions in 2005","resilience score","resilience score","/Volumes/data_edit/model/GL-NCEAS-Resilience_v2013a/data/r_tourism_2013a.csv",TRUE,"tourism.csv","eez2012/layers/tourism.csv"
"resilience","water","water","CBD survey: water","Convention on Biological Diversity (CBD) Third National Survey questions in 2005","resilience score","resilience score","/Volumes/data_edit/model/GL-NCEAS-Resilience_v2013a/data/r_water_2013a.csv",TRUE,"water.csv","eez2012/layers/water.csv"
"resilience","wgi_all","wgi_all","Strength of governance indicated with the WGI","World Governance Indicators (WGI) six combined scores","score","resilience score","/Volumes/data_edit/model/GL-WorldBank-WGI_v2011/data/rgn_wb_wgi_2012a_rescaled.csv",TRUE,"wgi_all.csv","eez2012/layers/wgi_all.csv"
"spatial","cntry_georegions","cnk_cntry_georegions","Georegion ids per country, at 3 georegion levels","georegions per country, at 3 georegion levels","georgn_id","georegion id","/Volumes/data_edit/model/GL-NCEAS-OceanRegions_v2013a/manual_output/cntry_georegions_long_2013b.csv",TRUE,"cntry_georegions.csv","eez2012/layers/cntry_georegions.csv"
"spatial","cntry_rgn","cn_cntry_rgn","Regions per country","regions per country","rgn_id","region id","/Volumes/data_edit/model/GL-NCEAS-OceanRegions_v2013a/manual_output/cntry_rgn_2013.csv",TRUE,"cntry_rgn.csv","eez2012/layers/cntry_rgn.csv"
"spatial","rgn_area","rn_rgn_area","Region area of total EEZ ocean","region in water area","area_km2","km^2","/Volumes/data_edit/model/GL-NCEAS-OceanRegions_v2013a/data/rgn_fao_gcs_area.csv",TRUE,"rgn_area.csv","eez2012/layers/rgn_area.csv"
"spatial","rgn_area_inland1km","rn_rgn_area_inland1km","Region area 1 km inland","inland area 1 km from shore","area_km2","km^2","/Volumes/data_edit/model/GL-NCEAS-OceanRegions_v2013a/data/rgn_area_inland1km.csv",TRUE,"rgn_area_inland1km.csv","eez2012/layers/rgn_area_inland1km.csv"
"spatial","rgn_area_offshore3nm","rn_rgn_area_offshore3nm","Region area offshore 3nm","offshore area 3 nautical miles from shore","area_km2","km^2","/Volumes/data_edit/model/GL-NCEAS-OceanRegions_v2013a/data/rgn_area_offshore3nm.csv",TRUE,"rgn_area_offshore3nm.csv","eez2012/layers/rgn_area_offshore3nm.csv"
"spatial","rgn_georegion_labels","rtk_rgn_georegion_labels","Georegion labels per region, at 3 georegion levels","georegions per region, at 3 georegion levels","label","label","/Volumes/data_edit/model/GL-NCEAS-OceanRegions_v2013a/manual_output/rgn_georegions_labels_long_2013b.csv",TRUE,"rgn_georegion_labels.csv","eez2012/layers/rgn_georegion_labels.csv"
"spatial","rgn_georegions","rnk_rgn_georegions","Georegion ids per region, at 3 georegion levels","georegions per region, at 3 georegion levels","georgn_id","georegion id","/Volumes/data_edit/model/GL-NCEAS-OceanRegions_v2013a/manual_output/rgn_georegions_long_2013b.csv",TRUE,"rgn_georegions.csv","eez2012/layers/rgn_georegions.csv"
"spatial","rgn_global","rnk_rgn_global","regions used in global analysis for Nature 2012, subset of regions_labels by type=eez and not deleted or disputed ","regions used in global analysis for Nature 2012, subset of regions_labels by type=eez and not deleted or disputed ","label","label","/Volumes/data_edit/model/GL-NCEAS-OceanRegions_v2013a/data/rgn_global.csv",TRUE,"rgn_global.csv","eez2012/layers/rgn_global.csv"
"spatial","rgn_labels","rtk_rgn_labels","regions by type (eez, subocean, unclaimed) and label","regions by type (eez, subocean, unclaimed) and label","label","label","/Volumes/data_edit/model/GL-NCEAS-OceanRegions_v2013a/data/rgn_labels.csv",TRUE,"rgn_labels.csv","eez2012/layers/rgn_labels.csv"
"SPP","spp_status","rn_spp_status","Species lists and IUCN threat categories as a proxy for iconic species status","International Union for Conservation of Nature (IUCN) Red List threat categories with aggregated species lists ","score","status score","/Volumes/data_edit/model/GL-NCEAS-SpeciesDiversity_v2013a/data/rgn_spp_score_2012.csv",TRUE,"spp_status.csv","eez2012/layers/spp_status.csv"
"SPP","spp_trend","rn_spp_trend","Species lists and IUCN threat categories as a proxy for iconic species trend","International Union for Conservation of Nature (IUCN) Red List threat categories with aggregated species lists ","score","trend score","/Volumes/data_edit/model/GL-NCEAS-SpeciesDiversity_v2013a/data/rgn_spp_trend_2012.csv",TRUE,"spp_trend.csv","eez2012/layers/spp_trend.csv"
"TR","tr_jobs_total","tr_jobs_total","Total labor force",,"count","jobs","../ohiprep/Global/WorldBank-Statistics_v2012/data//rgn_wb_tlf_2014a.csv",TRUE,"tr_jobs_total.csv","eez2012/layers/tr_jobs_total.csv"
"TR","tr_jobs_tourism","tr_jobs_tourism","Direct employment in tourism",,"count","jobs","../ohiprep/Global/WTTC-Tourism_v2013/data//rgn_wttc_empd_2014a.csv",TRUE,"tr_jobs_tourism.csv","eez2012/layers/tr_jobs_tourism.csv"
"TR","tr_sustainability","tr_sustainability","Sustainability index","Tourism Competitiveness Index (TTCI) from the World Economic Forum","score","score","/Volumes/data_edit/model/GL-WEF-Economics_v2013/data/rgn_wef_ttci_2013a_lyr.csv",TRUE,"tr_sustainability.csv","eez2012/layers/tr_sustainability.csv"
"TR","tr_unemployment","tr_unemployment","Percent unemployment",,"percent","percent unemployed","../ohiprep/Global/WorldBank-Statistics_v2012/data//rgn_wb_uem_2014a.csv",TRUE,"tr_unemployment.csv","eez2012/layers/tr_unemployment.csv"
