"targets","layer","layer_old","name","description","citation_nature2012","citation_plos2013","fld_value","units","gapfilling","X2013a_source","children","children_notes","disaggregation.function","updated","still.to.do.with.2013a.file.","dir_2012a","fn_2012a","dir_2013a","fn_2013a","dir_2014a","fn_2014a","src_2014a","ingest","dir_whence_2013a","whence_2013a","fn_nature2012","id_num","id_chr","category","year","value_num","value_chr"
"AO","ao_access","rn_ao_access","Fisheries management effectiveness and opportunity","The opportunity for artisanal and recreational fishing based on the quality of management of the small- scale fishing sector (Mora et al 2009)","7.04","5.04","value","value",,"2012a","parent",,,"N",,"neptune_data:model/GL-NCEAS-Resilience_v2013a/data","r_mora_s4_2013a.csv","neptune_data:model/GL-NCEAS-Resilience_v2013a/data","r_mora_s4_2013a.csv",,,,TRUE,"neptune_data:model/GL-NCEAS-Resilience_Mora/whence_2013a","mora_whence.csv","ao_access.csv",,"country_id",,,"score",
"AO","ao_need","rny_ao_need","Purchasing power parity as a proxy for subsistence fishing need, by region","The per capita purchasing power parity (PPP) adjusted gross domestic product (GDP): GDPpcPPP","7.05","5.05","value","value",,"new","new",,,"U",,"neptune_data:model/GL-NCEAS-ArtisanalOpportunities_v2013a/data","rgn_wb_gdppcppp_rescaled_year_2012b.csv","neptune_data:model/GL-NCEAS-ArtisanalOpportunities_v2013a/data","rgn_wb_gdppcppp_rescaled_year_2013b.csv",,,"Y",TRUE,"neptune_data:model/GL-WorldBank-Statistics_v2012/data","rgn_wb_gdppcppp_2013a_whence.csv","ao_need.csv",,"country_id",,"year","score",
"CW","cw_coastalpopn_trend","rn_cw_coastalpopn_trend","Coastal human population as a proxy for trend in trash","Coastal population, defined as the total population inland of 25 miles ","6I","5.09","trend","trend score",,"2012a","new",,,"U",,"neptune_data:model/GL-NCEAS-CoastalPopulation_v2013/data","rgn_popn5yrtrend_inland25mi_2007to2012.csv","neptune_data:model/GL-NCEAS-CoastalPopulation_v2013/data","rgn_popn5yrtrend_inland25mi_2008to2013.csv",,,,TRUE,,,,,,,,,
"CW","cw_fertilizer_trend","rn_cw_fertilizer_trend","Fertilizer consumption as a proxy for trend in nutrient pollution","Statistics on fertilizer consumption from the Food and Agricultural Organization (FAO) ","7.19","5.19","trend.score","trend score",,"new","new","use coastpop to gap-fill v2013a and v2012a (NOTE: trend needs to be normalized)",,"U",,"neptune_data:model/GL-NCEAS_CW_trends_v2013a/data","GL-NCEAS_CW_Fertilizers_trend_v2012a.csv","neptune_data:model/GL-NCEAS_CW_trends_v2013a/data","GL-NCEAS_CW_Fertilizers_trend_v2013a.csv","ohiprep:Global/FAO-CW-Trends_v2011/data/","rgn_cw_fertilizers_trends_2014a.csv","Y",TRUE,"ohiprep:Global/FAO-CW-Trends_v2011/data","rgn_cw_fertilizers_trends_2013a.csv",,,,,,,
"CW","cw_pathogen_trend","rn_cw_pathogen_trend","Trends in access to improved sanitation as a proxy for pathogen pollution trend","Trends in percent of population with access to improved sanitation facilities ","7.53","5.57","trend","trend score",,"new","new",,,"U",,"neptune_data:model/GL-NCEAS-Pressures_v2013a/data","po_pathogens_trend_sanitation2008to2011_popninland25km2008to2013.csv","neptune_data:model/GL-NCEAS-Pressures_v2013a/data","po_pathogens_trend_sanitation2008to2011_popninland25km2008to2013.csv",,,"Y",TRUE,"neptune_data:model/GL-WHOUNICEF-Sanitation_v2011/data","rgn_jmp_san_allyears_whence.csv",,,,,,,
"CW","cw_pesticide_trend","rn_cw_pesticide_trend","Pesticide consumption as a proxy for trend in chemical pollution","Statistics on pesticides consumption from the Food and Agricultural Organization (FAO) ","6I","5.58","trend.score","trend score",,"new","new","use coastpop to gap-fill v2013a and v2012a (NOTE: trend needs to be normalized)",,"U",,"neptune_data:model/GL-NCEAS_CW_trends_v2013a/data","GL-NCEAS_CW_Pesticides_trend_v2012a.csv","neptune_data:model/GL-NCEAS_CW_trends_v2013a/data","GL-NCEAS_CW_Pesticides_trend_v2013a.csv","ohiprep:Global/FAO-CW-Trends_v2011/data/","rgn_cw_pesticides_trends_2014a.csv","Y",TRUE,"ohiprep:Global/FAO-CW-Trends_v2011/data","rgn_cw_pesticides_trends_2013a.csv",,,,,,,
"ECO",,"gdp",,,,,,,,,,,,,,,,,,"ohiprep:Global/WorldBank-Statistics_v2012/data/","rgn_wb_gdp_2014a","Y",,"ohiprep:Global/WorldBank-Statistics_v2012/data","rgn_wb_gdp_2014a_attr.csv",,,,,,,
"FIS","fis_b_bmsy","fnk_fis_b_bmsy","B/Bmsy estimates obtained using the catch-MSY method",,"6A","6A","b_bmsy","B / B_msy",,,,,,,,"neptune_data:model/GL-NCEAS_FIS_v2013a/RevisingFIS/data/","fnk_fis_b_bmsy_lyr.csv","neptune_data:model/GL-NCEAS_FIS_v2013a/RevisingFIS/data/","fnk_fis_b_bmsy_lyr.csv",,,,TRUE,,,,,,,,,
"FIS","fis_meancatch","snk_fis_meancatch","Catch data for each Taxon/FAO/SAUP region averaged across years (1980-2011)","Reported data includes years 2006-2011","6A","6A","mean_catch","metric tons",,,,,,,,"neptune_data:model/GL-NCEAS_FIS_v2013a/RevisingFIS/data/","snk_fis_meancatch_lyr.csv","neptune_data:model/GL-NCEAS_FIS_v2013a/RevisingFIS/data/","snk_fis_meancatch_lyr.csv",,,,TRUE,,,,,,,,,
"FIS","fis_proparea_saup2rgn","snk_fis_proparea_saup2rgn","area of each saup/total OHI reporting region","For converting saup regions to OHI reporting regions","6A","6A","prop_area","proportion of area",,,,,,,,"neptune_data:model/GL-NCEAS_FIS_v2013a/RevisingFIS/data/","snk_fis_proparea_saup2rgn_lyr.csv","neptune_data:model/GL-NCEAS_FIS_v2013a/RevisingFIS/data/","snk_fis_proparea_saup2rgn_lyr.csv",,,,TRUE,,,,,,,,,
"FIS","fis_trend","rn_fis_trend","Fisheries trend","Modeled fisheries trend based on the Sea Around Us Project (status)","6A","5.2","trend","trend score",,,"new",,,"L",,"neptune_data:model/GL-NCEAS_FIS_v2012a","FIS_Trend_2012a_lyr.csv","neptune_data:model/GL-NCEAS_FIS_v2013a","FIS_Trend_2013a_lyr.csv",,,,FALSE,,,,,,,,,
"FIS NP","fis_status","rn_fis_status","Fisheries status","Modeled fisheries status based on the Sea Around Us Project ","6A","5.2","status","status score",,,"new",,,"L",,"neptune_data:model/GL-NCEAS_FIS_v2012a","FIS_Status_2012a_lyr.csv","neptune_data:model/GL-NCEAS_FIS_v2013a","FIS_Status_2013a_lyr.csv",,,,FALSE,,,,,,,,,
"FP","fp_wildcaught_weight","rn_fp_wildcaught_weight","Fisheries weighting factor","Proportional yield of wild caught fisheries","6A","5.2","w_fis","value",,"2012a","new",,,"U",,"neptune_data:model/GL-NCEAS_FIS_v2012a","GL_FP_wildcaught_weight_v2012a_lyr.csv","neptune_data:model/GL-NCEAS_FIS_v2013a","GL_FP_wildcaught_weight_v2013a_lyr.csv",,,,TRUE,,,,,,,,,
"HAB CS CP","hab_extent","rnk_hab_extent","Habitat extent","Modeled combined habitat extent","6J",,"km2","km^2",,"2012a","new",,,"N",,"neptune_data:model/GL-NCEAS-Habitats_v2013a/data","hab_habtitat_extent_NewSeaIce_2012.csv","neptune_data:model/GL-NCEAS-Habitats_v2013a/data","hab_habtitat_extent_NewSeaIce.csv",,,"N",TRUE,"neptune_data:model/GL-NCEAS-Habitats_v2013a/whence_2013a",,,,,,,,
"HAB CS CP","hab_health","rnk_hab_health","Habitat health","Modeled combined habitat health condition trend","6J",,"health","value",,"2012a","parent","use same methods as for CP and CS",,"N",,"neptune_data:model/GL-NCEAS-Habitats_v2013a/data","hab_habitat_health_2012.csv","neptune_data:model/GL-NCEAS-Habitats_v2013a/data","hab_habitat_health.csv",,,"N",TRUE,"neptune_data:model/GL-NCEAS-Habitats_v2013a/whence_2013a",,,,,,,,
"HAB CS CP","hab_trend","rnk_hab_trend","Habitat health trend","Modeled combined habitat health trend","6J",,"trend","trend score",,"2012a","parent",,,"N",,"neptune_data:model/GL-NCEAS-Habitats_v2013a/data","hab_habitat_trend_2012.csv","neptune_data:model/GL-NCEAS-Habitats_v2013a/data","hab_habitat_trend.csv",,,"N",TRUE,"neptune_data:model/GL-NCEAS-Habitats_v2013a/whence_2013a",,,,,,,,
"ICO","ico_spp_extinction_status","rnk_ico_spp_extinction_status","IUCN extinction risk category for iconic species","International Union for Conservation of Nature (IUCN) Red List threat categories with aggregated species lists ","7.27","5.29","category","category",,,"new",,,"N",,"neptune_data:model/GL-NCEAS-IconicSpecies_v2013/data","ico_spp_extinction_status.csv","neptune_data:model/GL-NCEAS-IconicSpecies_v2013/data","ico_spp_extinction_status.csv",,,,TRUE,,,,,,,,,
"ICO","ico_spp_popn_trend","rnk_ico_spp_popn_trend","IUCN population trend as a proxy for iconic species trend","International Union for Conservation of Nature (IUCN) Red List threat categories with aggregated species lists ","7.27","5.29","popn_trend","trend score",,,"new",,,"N",,"neptune_data:model/GL-NCEAS-IconicSpecies_v2013/data","ico_spp_popn_trend.csv","neptune_data:model/GL-NCEAS-IconicSpecies_v2013/data","ico_spp_popn_trend.csv",,,,TRUE,,,,,,,,,
"LE","ao_ppp","cny_ao_ppp","Purchasing power parity as a proxy for subsistence fishing need, by country","Purchasing power parity","6B","5.5","ppp","value",,"new","new",,"NA (updated data)","U",,"neptune_data:model/GL-WorldBank-Statistics_v2012/data","cntry_wb_ppp_2012a.csv","neptune_data:model/GL-WorldBank-Statistics_v2012/data","cntry_wb_ppp_2013a.csv",,,,,,,"ao_ppp.csv",,"country_id",,"year","ppp",
"LE","eco_rev","cnky_eco_rev","Revenue from marine industries","Statistics on revenue for six marine industries","6F","5.41-4.46","USD","$US",,,"new",,"NA (updated data)","U",,"neptune_data:model/GL-NCEAS-Livelihoods_v2013a/data","eco_rev_2012a.csv","neptune_data:model/GL-NCEAS-Livelihoods_v2013a/data","eco_rev_2013a.csv","ohiprep:Global/NCEAS-Livelihoods_v2014/data/","cntry_rev_2014a.csv","Y",,,,"eco_rev.csv",,"country_id","sector","year","usd",
"LE","eco_rev_whence","cnky_eco_rev_whence","Revenue from marine industries: supporting data","Statistics on revenue for six marine industries: supporting data","6F","5.41-4.46","USD","$US",,"2012a","coastal_pop",,"NA (updated data)","U",,"neptune_data:model/GL-NCEAS-LayersDisaggregated_v2013a/data","eco_rev_whence.csv","neptune_data:model/GL-NCEAS-LayersDisaggregated_v2013a/data","eco_rev_whence.csv",,,,,,,"eco_rev_whence.csv",,"country_id","whence","year","usd",
"LE","le_gdp_pc_ppp","le_gdp_pc_ppp","Modeled Livelihoods & Economies data","gross domestic product per person at purchasing power parity","6F",,"usd","USD",,,,,,,,"ohiprep:Global/NCEAS-Livelihoods_v2013/data","le_cntry_gdp_pc_ppp_2013a.csv","ohiprep:Global/NCEAS-Livelihoods_v2013/data","le_cntry_gdp_pc_ppp_2013a.csv",,,,TRUE,,,,,,,,,
"LE","le_jobs_cur_adj_value","le_jobs_cur_adj_value","Modeled Livelihoods & Economies data","One of current or reference and base or adjusted value","6F",,"value","value",,,,,,,,"ohiprep:Global/NCEAS-Livelihoods_v2013/data","le_2012_status_model_curref_jobs_cur_adj_value.csv","ohiprep:Global/NCEAS-Livelihoods_v2013/data","le_2013_status_model_curref_jobs_cur_adj_value.csv",,,,TRUE,,,,,,,,,
"LE","le_jobs_cur_base_value","le_jobs_cur_base_value","Modeled Livelihoods & Economies data","One of current or reference and base or adjusted value","6F",,"value","value",,,,,,,,"ohiprep:Global/NCEAS-Livelihoods_v2013/data","le_2012_status_model_curref_jobs_cur_base_value.csv","ohiprep:Global/NCEAS-Livelihoods_v2013/data","le_2013_status_model_curref_jobs_cur_base_value.csv",,,,TRUE,,,,,,,,,
"LE","le_jobs_ref_adj_value","le_jobs_ref_adj_value","Modeled Livelihoods & Economies data","One of current or reference and base or adjusted value","6F",,"value","value",,,,,,,,"ohiprep:Global/NCEAS-Livelihoods_v2013/data","le_2012_status_model_curref_jobs_ref_adj_value.csv","ohiprep:Global/NCEAS-Livelihoods_v2013/data","le_2013_status_model_curref_jobs_ref_adj_value.csv",,,,TRUE,,,,,,,,,
"LE","le_jobs_ref_base_value","le_jobs_ref_base_value","Modeled Livelihoods & Economies data","One of current or reference and base or adjusted value","6F",,"value","value",,,,,,,,"ohiprep:Global/NCEAS-Livelihoods_v2013/data","le_2012_status_model_curref_jobs_ref_base_value.csv","ohiprep:Global/NCEAS-Livelihoods_v2013/data","le_2013_status_model_curref_jobs_ref_base_value.csv",,,,TRUE,,,,,,,,,
"LE","le_rev_cur_adj_value","le_rev_cur_adj_value","Modeled Livelihoods & Economies data","One of current or reference and base or adjusted value","6F",,"value","value",,,,,,,,"ohiprep:Global/NCEAS-Livelihoods_v2013/data","le_2012_status_model_curref_rev_cur_adj_value.csv","ohiprep:Global/NCEAS-Livelihoods_v2013/data","le_2013_status_model_curref_rev_cur_adj_value.csv",,,,TRUE,,,,,,,,,
"LE","le_rev_cur_base_value","le_rev_cur_base_value","Modeled Livelihoods & Economies data","One of current or reference and base or adjusted value","6F",,"value","value",,,,,,,,"ohiprep:Global/NCEAS-Livelihoods_v2013/data","le_2012_status_model_curref_rev_cur_base_value.csv","ohiprep:Global/NCEAS-Livelihoods_v2013/data","le_2013_status_model_curref_rev_cur_base_value.csv",,,,TRUE,,,,,,,,,
"LE","le_rev_ref_adj_value","le_rev_ref_adj_value","Modeled Livelihoods & Economies data","One of current or reference and base or adjusted value","6F",,"value","value",,,,,,,,"ohiprep:Global/NCEAS-Livelihoods_v2013/data","le_2012_status_model_curref_rev_ref_adj_value.csv","ohiprep:Global/NCEAS-Livelihoods_v2013/data","le_2013_status_model_curref_rev_ref_adj_value.csv",,,,TRUE,,,,,,,,,
"LE","le_rev_ref_base_value","le_rev_ref_base_value","Modeled Livelihoods & Economies data","One of current or reference and base or adjusted value","6F",,"value","value",,,,,,,,"ohiprep:Global/NCEAS-Livelihoods_v2013/data","le_2012_status_model_curref_rev_ref_base_value.csv","ohiprep:Global/NCEAS-Livelihoods_v2013/data","le_2013_status_model_curref_rev_ref_base_value.csv",,,,TRUE,,,,,,,,,
"LE","le_revenue_adj","le_revenue_adj","Modeled Livelihoods & Economies data","adjusted revenue","6F",,"usd","USD",,,,,,,,"ohiprep:Global/NCEAS-Livelihoods_v2013/data","le_revenue_adj.csv","ohiprep:Global/NCEAS-Livelihoods_v2013/data","le_revenue_adj.csv",,,,TRUE,,,,,,,,,
"LE","le_wage_cur_adj_value","le_wage_cur_adj_value","Modeled Livelihoods & Economies data","One of current or reference and base or adjusted value","6F",,"value","value",,,,,,,,"ohiprep:Global/NCEAS-Livelihoods_v2013/data","le_2012_status_model_curref_wage_cur_adj_value.csv","ohiprep:Global/NCEAS-Livelihoods_v2013/data","le_2013_status_model_curref_wage_cur_adj_value.csv",,,,TRUE,,,,,,,,,
"LE","le_wage_cur_base_value","le_wage_cur_base_value","Modeled Livelihoods & Economies data","One of current or reference and base or adjusted value","6F",,"value","value",,,,,,,,"ohiprep:Global/NCEAS-Livelihoods_v2013/data","le_2012_status_model_curref_wage_cur_base_value.csv","ohiprep:Global/NCEAS-Livelihoods_v2013/data","le_2013_status_model_curref_wage_cur_base_value.csv",,,,TRUE,,,,,,,,,
"LE","le_wage_ref_adj_value","le_wage_ref_adj_value","Modeled Livelihoods & Economies data","One of current or reference and base or adjusted value","6F",,"value","value",,,,,,,,"ohiprep:Global/NCEAS-Livelihoods_v2013/data","le_2012_status_model_curref_wage_ref_adj_value.csv","ohiprep:Global/NCEAS-Livelihoods_v2013/data","le_2013_status_model_curref_wage_ref_adj_value.csv",,,,TRUE,,,,,,,,,
"LE","le_wage_ref_base_value","le_wage_ref_base_value","Modeled Livelihoods & Economies data","One of current or reference and base or adjusted value","6F",,"value","value",,,,,,,,"ohiprep:Global/NCEAS-Livelihoods_v2013/data","le_2012_status_model_curref_wage_ref_base_value.csv","ohiprep:Global/NCEAS-Livelihoods_v2013/data","le_2013_status_model_curref_wage_ref_base_value.csv",,,,TRUE,,,,,,,,,
"LE","le_workforcesize_adj","cny_le_workforcesize_adj","Labor force size","Size of the labor force as defined by the International Labour Organisation (ILO)","6F","5.31","jobs","count",,"2012a","coastal_pop",,"NA (updated data)","U",,"neptune_data:model/GL-NCEAS-LayersDisaggregated_v2013a/data","le_workforcesize_adj.csv","neptune_data:model/GL-NCEAS-LayersDisaggregated_v2013a/data","le_workforcesize_adj.csv",,,,,,,"le_workforcesize_adj.csv",,"country_id",,"year","jobs",
"LE","le_workforcesize_adj","le_workforcesize_adj","Modeled Livelihoods & Economies data","adjusted workforce size","6F",,"jobs","jobs",,,,,,,,"ohiprep:Global/NCEAS-Livelihoods_v2013/data","le_workforcesize_adj.csv","ohiprep:Global/NCEAS-Livelihoods_v2013/data","le_workforcesize_adj.csv",,,,TRUE,,,,,,,,,
"LE","liv_jobs","cnky_liv_jobs","Jobs in marine industries","Statistics on job counts for five marine industries","6F","5.35-5.39","jobs","jobs",,"2012a","coastal_pop",,"NA (updated data)","N",,"neptune_data:model/GL-NCEAS-LayersDisaggregated_v2013a/data","liv_jobs.csv","neptune_data:model/GL-NCEAS-LayersDisaggregated_v2013a/data","liv_jobs.csv","ohiprep:Global/NCEAS-Livelihoods_v2014/data/","cntry_jobs_2014a.csv","Y",,,,"liv_jobs.csv",,"country_id","sector","year","jobs",
"LE","liv_wages","cnky_liv_wages","Wages adjusted by sector","Wages adjusted by sector","6F","5.48","USD","$US",,"new","parent",,"NA (updated data)","U","like nature2012 file, 2012a and 2013a files are not temporally or spatially gapfilled (but it has been passed through na.omit) Assuming that any gapfilling occurs later. 2012a has 34 unique rgn_id's and 2013a has 39.","neptune_data:model/GL-NCEAS-LayersDisaggregated_v2013a/data","liv_wages.csv","neptune_data:model/GL-NBER-OWW_v2008/data","rgn_nber_oww_2013_nofill.csv",,,"N",,,,"liv_wages.csv",,"country_id","sector","year","usd",
"LE","liv_wages_adj_lilo","cnky_liv_wages_adj_lilo","Wages with adjustment","Wages with adjustment","6F","5.48","adj","value",,"2012a","parent",,"NA (updated data)","U",,"neptune_data:model/GL-NCEAS-LayersDisaggregated_v2013a/data","liv_wages_adj_lilo.csv","neptune_data:model/GL-NCEAS-LayersDisaggregated_v2013a/data","liv_wages_adj_lilo.csv",,,,,,,"liv_wages_adj_lilo.csv",,"country_id","whence","year","adj",
"LE pressures","le_sector_weight","rnk_le_sector_weight","Jobs weighting","Jobs weighting by sector (defaulting to 1)","6F",,"weight","value",,"2012a","parent","this layer is borrowed directly from nature2012 and simply disaggregated","NA","N",,"neptune_data:model/GL-NCEAS-Pressures_v2013a/data","le_sector_weight_disaggregateNature2012b.csv","neptune_data:model/GL-NCEAS-Pressures_v2013a/data","le_sector_weight_disaggregateNature2012b.csv",,,,TRUE,"exclude",,"le_sector_weight.csv","region_id",,"sector",,"weight",
"LIV ECO","le_popn","rny_le_popn","Total population by subregion","Population data from The World Bank",,"5.71","count","count",,,,,,,,"neptune_data:model/GL-WorldBank-Statistics_v2012/data","rgn_wb_pop_2013a_updated.csv","neptune_data:model/GL-WorldBank-Statistics_v2012/data","rgn_wb_pop_2013a_updated.csv",,,,TRUE,,,,,,,,,
"LIV ECO","liveco_status","rn_liveco_status","Modeled livelihoods and economies status","Modeled livelihoods and economies status based on new approach",,"5.41-5.46","value","status score",,,,,,,,"neptune_data:model/GL-NCEAS-LayersDisaggregated_v2013a/data","rgn_liv.eco_status_2012a.csv","neptune_data:model/GL-NCEAS-LayersDisaggregated_v2013a/data","rgn_liv.eco_status_2013a.csv",,,,TRUE,,,,,,,,,
"LIV ECO","liveco_trend","rn_liveco_trend","Modeled livelihoods and economies trend","Modeled livelihoods and economies trend based on new approach",,"5.41-5.46","value","trend score",,,,,,,,"neptune_data:model/GL-NCEAS-LayersDisaggregated_v2013a/data","rgn_liv.eco_trend_2012a.csv","neptune_data:model/GL-NCEAS-LayersDisaggregated_v2013a/data","rgn_liv.eco_trend_2013a.csv",,,,TRUE,,,,,,,,,
"LSP","lsp_prot_area_inland1km","rny_lsp_prot_area_inland1km","Coastal protected areas inland 1km","Coastal protected areas inland to 1km","6H","5.4","area_km2","km^2",,"2012a","new",,,"U",,"neptune_data:model/GL-WDPA-MPA_v2013/data","lsp_prot_area_inland1km.csv","neptune_data:model/GL-WDPA-MPA_v2013/data","lsp_prot_area_inland1km.csv","ohiprep:Global/WDPA-MPA_v2014/data","lsp_protarea_inland1km.csv","Y",TRUE,,,"lsp_prot_area_inland1km.csv","region_id",,,"year","km2",
"LSP","lsp_prot_area_offshore3nm","rny_lsp_prot_area_offshore3nm","Coastal marine protected areas offshore 3km","Coastal marine protected areas offshore to 3nm","6H","5.4","area_km2","km^2",,"2012a","new",,,"U",,"neptune_data:model/GL-WDPA-MPA_v2013/data","lsp_prot_area_offshore3nmb.csv","neptune_data:model/GL-WDPA-MPA_v2013/data","lsp_prot_area_offshore3nmb.csv","ohiprep:Global/WDPA-MPA_v2014/data","lsp_protarea_offshore3nm.csv","Y",TRUE,,,"lsp_prot_area_offshore3nm.csv","region_id",,,"year","km2",
"MAR","mar_coastalpopn_inland25mi","mar_coastalpopn_inland25mi","Coastal population inland 25 miles","Coastal population inland 25 miles by year (2005-2015)",,,"popsum","people",,,,,,,,"neptune_data:model/GL-NCEAS-CoastalPopulation_v2013/data","rgn_popsum2005to2015_inland25mi.csv","neptune_data:model/GL-NCEAS-CoastalPopulation_v2013/data","rgn_popsum2005to2015_inland25mi.csv",,,,TRUE,,,,,,,,,
"MAR","mar_harvest_species","mar_harvest_species","Mariculture species harvested",,,,"species","species name",,,,,,,,"neptune_data:model/GL-NCEAS_MAR_v2013a/Revision_Dec202013","mar_harvest_species_lyr.csv","neptune_data:model/GL-NCEAS_MAR_v2013a/Revision_Dec202013","mar_harvest_species_lyr.csv",,,,TRUE,,,,,,,,,
"MAR","mar_harvest_tonnes","mar_harvest_tonnes","Mariculture harvest","Mariculture harvest by species and year",,,"tonnes","tons",,,,,,,,"neptune_data:model/GL-NCEAS_MAR_v2013a/Revision_Dec202013","MAR_harvest_tonnes_lyr.csv","neptune_data:model/GL-NCEAS_MAR_v2013a/Revision_Dec202013","MAR_harvest_tonnes_lyr.csv",,,,TRUE,,,,,,,,,
"MAR","mar_status","rn_mar_status","Mariculture status","Yield and value of cultured marine taxa from marine and brackish water environments","6A","5.34","status","status score",,"new","new",,,"U",,"neptune_data:model/GL-NCEAS_MAR_v2013a/data","GL_NCEAS_MAR_Status_v2012a_lyr.csv","neptune_data:model/GL-NCEAS_MAR_v2013a/data","GL_NCEAS_MAR_Status_v2013a_lyr.csv",,,,FALSE,,,,,,,,,
"MAR","mar_sustainability_score","mar_sustainability_score","Mariculture sustainability score","Mariculture sustainability score by species",,,"sust_coeff","sustainability",,,,,,,,"neptune_data:model/GL-NCEAS_MAR_v2013a/Revision_Dec202013","mar_sustainability_score_lyr.csv","neptune_data:model/GL-NCEAS_MAR_v2013a/Revision_Dec202013","mar_sustainability_score_lyr.csv",,,,TRUE,,,,,,,,,
"MAR","mar_trend","rn_mar_trend","Mariculture trend","Yield and value of cultured marine taxa from marine and brackish water environments","6A","5.34","trend","trend score",,"new","new",,,"U",,"neptune_data:model/GL-NCEAS_MAR_v2013a/data","GL_NCEAS_MAR_Trend_v2012a_lyr.csv","neptune_data:model/GL-NCEAS_MAR_v2013a/data","GL_NCEAS_MAR_Trend_v2013a_lyr.csv",,,,FALSE,,,,,,,,,
"MAR","mar_trend_years","mar_trend_years","Mariculter years used for trend",,,,"trend_yrs","year string",,,,,,,,"neptune_data:model/GL-NCEAS_MAR_v2013a/Revision_Dec202013","mar_trend_years_lyr.csv","neptune_data:model/GL-NCEAS_MAR_v2013a/Revision_Dec202013","mar_trend_years_lyr.csv",,,,TRUE,,,,,,,,,
,,,,,,,,,,,,,,,,,,,,,,,,,,,,,,,,
,,,,,,,,,,,,,,,,,,,,,,,,,,,,,,,,
,,,,,,,,,,,,,,,,,,,,,,,,,,,,,,,,
,,,,,,,,,,,,,,,,,,,,,,,,,,,,,,,,
"pressures","cc_acid","cc_acid","Ocean acidification","Modeled distribution of the aragonite saturation state (AAS) of the ocean in pre-industrial (~1870) and modern times (2000-2009) from Halpern et al. 2008","7.52","5.56","pressure_score","pressure score",,"2012a","new",,"NA (BB calculated children)","N",,"neptune_data:model/GL-NCEAS-Pressures_v2013a/data","cc_acid_2012_NEW.csv","neptune_data:model/GL-NCEAS-Pressures_v2013a/data","cc_acid_2013_NEW.csv",,,,TRUE,,,"p_cc_acid.csv","region_id",,,,"pressures_score",
"pressures","cc_slr","cc_slr","Sea level rise","Modeled sea level rise after Halpern et al. 2008",,"5.63","pressure_score","pressure score",,,"new",,,"Y",,"neptune_data:model/GL-NCEAS-Pressures_v2013a/data","cc_slr_2012_NEW.csv","neptune_data:model/GL-NCEAS-Pressures_v2013a/data","cc_slr_2013_NEW.csv",,,,TRUE,,,,,,,,,
"pressures","cc_sst","cc_sst","Sea surface temperature (SST) anomalies","Modeled sea level rise after Halpern et al. 2008","7.58","5.64","pressure_score","pressure score",,,"new",,"NA (updated data)","Y",,"neptune_data:model/GL-NCEAS-Pressures_v2013a/data","cc_sst_2012_NEW.csv","neptune_data:model/GL-NCEAS-Pressures_v2013a/data","cc_sst_2013_NEW.csv",,,,TRUE,,,"p_cc_sst.csv","region_id",,,,"pressures_score",
"pressures","cc_uv","cc_uv","UV radiation","Modeled UV radiation after Halpern et al. 2008","7.69","5.76","pressure_score","pressure score",,,"new",,"NA (updated data)","Y",,"neptune_data:model/GL-NCEAS-Pressures_v2013a/data","cc_uv_2012_NEW.csv","neptune_data:model/GL-NCEAS-Pressures_v2013a/data","cc_uv_2013_NEW.csv",,,,TRUE,,,"p_cc_uv.csv","region_id",,,,"pressures_score",
"pressures","fp_art_hb","fp_art_hb","High bycatch caused by artisanal fishing ","The presence of destructive artisanal blast and poison (cyanide) fishing","7.02","5.02","pressures.score","pressure score",,"2012a","parent",,,"N",,"neptune_data:model/GL-NCEAS-Pressures_v2013a/data","p_fp_art_hb_disaggregateNature2012.csv","neptune_data:model/GL-NCEAS-Pressures_v2013a/data","p_fp_art_hb_disaggregateNature2012.csv",,,,TRUE,,,"p_fp_art_hb.csv","region_id",,,,"pressures_score",
"pressures","fp_art_lb","fp_art_lb","Low bycatch caused by artisanal fishing ","Statistics of low bycatch artisanal fishing using non-destructive practices","7.03","5.03","pressure_score","pressure score",,,"coastal_pop",,"coastal-pop-weighted","N",,"neptune_data:model/GL-NCEAS-Pressures_v2013a/data","fp_art_lb_2012_NEW.csv","neptune_data:model/GL-NCEAS-Pressures_v2013a/data","fp_art_lb_2013_NEW.csv",,,,TRUE,,,"p_fp_art_lb.csv","region_id",,,,"pressures_score",
"pressures","fp_com_hb","fp_com_hb","High bycatch caused by commercial fishing ","Statistics of destructive commercial fishing practices by 5 different gear types (developed in Halpern et al. 2008)","7.11","5.11","pressure_score","pressure score",,,"new",,"NA (updated data)","Y",,"neptune_data:model/GL-NCEAS-Pressures_v2013a/data","fp_com_hb_2012_NEW.csv","neptune_data:model/GL-NCEAS-Pressures_v2013a/data","fp_com_hb_2013_NEW.csv",,,,TRUE,,,"p_fp_com_hb.csv","region_id",,,,"pressures_score",
"pressures","fp_com_lb","fp_com_lb","Low bycatch caused by commercial fishing ","Statistics of least destructive commercial fishing practices by 2 different gear types (developed in Halpern et al. 2008)","7.12","5.12","pressure_score","pressure score",,,"new",,"NA (updated data)","Y",,"neptune_data:model/GL-NCEAS-Pressures_v2013a/data","fp_com_lb_2012_NEW.csv","neptune_data:model/GL-NCEAS-Pressures_v2013a/data","fp_com_lb_2013_NEW.csv",,,,TRUE,,,"p_fp_com_lb.csv","region_id",,,,"pressures_score",
"pressures","fp_targetharvest","fp_targetharvest","Targeted harvest of cetaceans and sea turtles","Targeted harvest of cetaceans and marine turtles, from Food and Agricultural Organization data","7.63","5.7","score","pressure score",,,"parent","2012a file: all parent values assigned to children","NA (updated data)","Y","convert from harvest count to pressures score","neptune_data:model/GL-FAO-TargetedHarvest_v2011/data","rgn_fao_targeted_2012a_rescaled.csv","neptune_data:model/GL-FAO-TargetedHarvest_v2011/data","rgn_fao_targeted_2013a_rescaled.csv",,,,TRUE,,,"p_fp_targetharvest.csv","region_id",,,,"pressures_score",
"pressures","hd_intertidal","hd_intertidal","Coastal population density as a proxy for intertidal habitat destruction","Coastal population density within 10 km of the coast","7.24","5.25","pressure_score","pressure score",,,"coastal_pop",,"coastal-pop-weighted","N",,"neptune_data:model/GL-NCEAS-Pressures_v2013a/data","hd_intertidal_2012_NEW.csv","neptune_data:model/GL-NCEAS-Pressures_v2013a/data","hd_intertidal_2013_NEW.csv",,,,TRUE,,,"p_hd_intertidal.csv","region_id",,,,"pressures_score",
"pressures","hd_subtidal_hb","hd_subtidal_hb","High bycatch artisanal fishing practices as a proxy for subtidal hard bottom habitat destruction","The presence of destructive artisanal blast and poison (cyanide) fishing","7.25","5.26","value","pressure score",,"2012a","parent",,,"N",,"neptune_data:model/GL-NCEAS-Pressures_v2013a/data","p_hd_subtidal_hb_v2013a.csv","neptune_data:model/GL-NCEAS-Pressures_v2013a/data","p_hd_subtidal_hb_v2013a.csv",,,,TRUE,,,"p_hd_subtidal_hb.csv","region_id",,,,"pressures_score",
"pressures","hd_subtidal_sb","hd_subtidal_sb","High bycatch commercial fishing practices as a proxy for subtidal soft bottom habitat destruction","Spatially distributed commercial catch data by fishing gear type, developed by Sea Around Us Project","7.26","5.27","pressures.score","pressure score",,"new","new",,"NA (recalculated soft-bottom area for children)","Y",,"neptune_data:model/GL-NCEAS-subtidal_softbottom_v2013a/data","po_rgn_hd_subtidal_sb_2012a.csv","neptune_data:model/GL-NCEAS-subtidal_softbottom_v2013a/data","po_rgn_hd_subtidal_sb_2013a.csv",,,,TRUE,,,"p_hd_subtidal_sb.csv","region_id",,,,"pressures_score",
"pressures","po_chemicals_3nm","po_chemicals_3nm","Land-based chemical pollution","Land-based organic pollution at 1km2 resolution (as developed in Halpern et al. 2008)","7.06-7.09","5.06-5.07","pressure_score","pressure score",,,"new",,"NA (updated data)","Y",,"neptune_data:model/GL-NCEAS-Pressures_v2013a/data","po_chemicals_3nm_2012_NEW.csv","neptune_data:model/GL-NCEAS-Pressures_v2013a/data","po_chemicals_3nm_2013_NEW.csv",,,,TRUE,,,"p_po_chemicals_coastal.csv","region_id",,,,"pressures_score",
"pressures","po_nutrients_3nm","po_nutrients_3nm","Coastal nutrient pollution","Modeled coastal nutrient pollution based on Halpern et al. 2008","7.51","5.55","pressure_score","pressure score",,,"new",,"NA (updated data)","Y",,"neptune_data:model/GL-NCEAS-Pressures_v2013a/data","po_nutrients_3nm_2012_NEW.csv","neptune_data:model/GL-NCEAS-Pressures_v2013a/data","po_nutrients_3nm_2013_NEW.csv",,,,TRUE,,,"p_po_nutrients_3nm.csv","region_id",,,,"pressures_score",
"pressures","sp_alien","sp_alien","Alien species","The number and type of invasive and harmful invasive species in each marine ecoregion","7.01","5.01","pressures.score","pressure score",,"2012a","eez_area",,"disaggregate(csv.in='/Volumes/local_edit/src/toolbox/data/global_2012_nature/layers/p_sp_alien.csv', csv.out = '/Volumes/data_edit/model/GL-NCEAS-Pressures_v2013a/data/p_sp_alien_2013a.csv', fld.value=NA, weight.csv='/Volumes/data_edit/model/GL-NCEAS-OceanRegions_v2013a/data/rgn_area.csv', weight.fld = 'area_km2')","N",,"neptune_data:model/GL-NCEAS-Pressures_v2013a/data","p_sp_alien_2013a.csv","neptune_data:model/GL-NCEAS-Pressures_v2013a/data","p_sp_alien_2013a.csv",,,"N",TRUE,,,"p_sp_alien.csv","region_id",,,,"pressures_score",
"pressures","sp_genetic","sp_genetic","Introduced species as a proxy for genetic escapes ","Statistics on native or introduced species from the Mariculture Sustainibility Index (MSI)","7.22","5.22","pressures.score","pressure score",,,"new","no gapfilling: if no mariculture, genetic escapee pressures=0; 2012a: gapfilled Trujillo score*MAR harvest2009; 2013a: gapfilled Trujillo score*MAR harvest2010; ","NA (updated)","Y",,"neptune_data:model/GL-NCEAS-Pressures-GenEsc_v2013a/data","GenEsc_v2012a.csv","neptune_data:model/GL-NCEAS-Pressures-GenEsc_v2013a/data","GenEsc_v2013a.csv",,,"N",TRUE,,,"p_sp_genetic.csv","region_id",,,,"pressures_score",
"pressures","ss_wgi","ss_wgi","Weakness of governance indicated with the WGI","Inverse of World Governance Indicators (WGI) six combined scores","7.7","5.77","score","pressure score",,,"new","soverignty gapfilling","NA (updated data)","Y","these are wgi_all values; to get ss_wgi must do (1 - wgi_all) after converting from WGI score: min=-2.49, max=1.98 ","neptune_data:model/GL-WorldBank-WGI_v2011/data","rgn_wb_wgi_2012a_rescaled_inverse.csv","neptune_data:model/GL-WorldBank-WGI_v2011/data","rgn_wb_wgi_2013a_rescaled_inverse.csv","ohiprep:Global/WorldBank-WGI_v2013/data","rgn_wb_wgi_2014a_inverse.csv","Y",TRUE,"neptune_data:model/GL-WorldBank-WGI_v2011/data","rgn_wb_wgi_2013a_whence.csv","p_ss_wgi.csv","region_id",,,,"pressures_score",
"pressures CP","cp_habitat_extent_rank","rnk_cp_habitat_extent_rank","Habitat extent * rank, per Coastal Protection habitats","Habitat extent * habitat rank for Coastal Protection habitats: coral, mangrove offshore 1km, mangrove inland 1km, saltmarsh, seaice_shoreline and seagrass","6E",,"extent_rank","rank",,"2012a","new",,,"N",,"neptune_data:model/GL-NCEAS-Habitats_v2013a/data","cp_habitat_extent_rank.csv","neptune_data:model/GL-NCEAS-Habitats_v2013a/data","cp_habitat_extent_rank.csv",,,"N",TRUE,"exclude",,"cp_habitat_extent_rank.csv","region_id",,"habitat",,"pressures.rank",
"pressures CS","cs_habitat_extent","rnk_cs_habitat_extent","Habitat extent * rank, per Carbon Storage habitats","Habitat extent * habitat rank for Carbon Storage habitats: mangrove, saltmarsh and seagrass","6D",,"km2","km^2",,"2012a","new",,,"N",,"neptune_data:model/GL-NCEAS-Habitats_v2013a/data","cs_habitat_extent.csv","neptune_data:model/GL-NCEAS-Habitats_v2013a/data","cs_habitat_extent.csv",,,"N",TRUE,"exclude",,"cs_habitat_extent.csv","region_id",,"habitat",,"km2",
"pressures CW","po_chemicals","po_chemicals","Ocean-based chemical pollution","Ocean-based chemical pollution from commercial shipping traffic and ports and harbors","7.06-7.08","5.08","pressure_score","pressure score",,,"new",,"NA (updated data)","Y",,"neptune_data:model/GL-NCEAS-Pressures_v2013a/data","po_chemicals_2012_NEW.csv","neptune_data:model/GL-NCEAS-Pressures_v2013a/data","po_chemicals_2013_NEW.csv","ohiprep:Global/FAO-CW-Trends_v2011/data/","p_pesticides_trends_2014a.csv","Y",TRUE,,,"p_po_chemicals.csv","region_id",,,,"pressures_score",
"pressures CW","po_nutrients","po_nutrients","Ocean nutrient pollution","Modeled ocean nutrient pollution based on Halpern et al. 2008","7.51","5.55","pressure_score","pressure score",,,"new",,"NA (updated data)","Y",,"neptune_data:model/GL-NCEAS-Pressures_v2013a/data","po_nutrients_2012_NEW.csv","neptune_data:model/GL-NCEAS-Pressures_v2013a/data","po_nutrients_2013_NEW.csv","ohiprep:Global/FAO-CW-Trends_v2011/data/","p_fertilizers_trends_2014a.csv","Y",TRUE,,,"p_po_nutrients.csv","region_id",,,,"pressures_score",
"pressures CW","po_pathogens","po_pathogens","Access to improved sanitation as a proxy for pathogen pollution","Percent of population with access to improved sanitation facilities ","7.53","5.57","pressure_score","pressure score",,,"new",,,"Y",,"neptune_data:model/GL-NCEAS-Pressures_v2013a/data","po_pathogens_sanitation2008_popninland25km2008.csv","neptune_data:model/GL-NCEAS-Pressures_v2013a/data","po_pathogens_sanitation2011_popninland25km2013.csv",,,,TRUE,,,"p_po_pathogens.csv","region_id",,,,"pressures_score",
"pressures CW","po_trash","po_trash","Trash pollution","Density of trash from coastal land and sea","7.67","5.73","pressure_score","pressure score",,,"new","2012 file: all parent values assigned to children; 2013a file: georegionally gapfilled, southern islands = NA","NA (updated data)","Y","convert from pounds/mile to pressures score","neptune_data:model/GL-NCEAS-Pressures_v2013a/data","po_trash2011.csv","neptune_data:model/GL-NCEAS-Pressures_v2013a/data","po_trash2012.csv",,,"Y",TRUE,"neptune_data:model/GL-OceanConserv-Trash_v2012/data","rgn_oc_trash_2013a_whence.csv","p_po_trash.csv","region_id",,,,"pressures_score",
"pressures HAB","hab_presence","rnk_hab_presence","Habitat presence","Modeled combined habitat presence","6J",,"boolean","boolean",,"2012a","new",,,"N",,"neptune_data:model/GL-NCEAS-Habitats_v2013a/data","hab_habitat_presence.csv","neptune_data:model/GL-NCEAS-Habitats_v2013a/data","hab_habitat_presence.csv",,,,TRUE,"exclude",,"hab_presence.csv","region_id",,"habitat",,"boolean",
"resilience","alien_species","alien_species","Alien species","The number and type of invasive and harmful invasive species in each marine ecoregion","7.01","5.01","resilience score","resilience score",,"2012a","parent",,,"N",,"neptune_data:model/GL-NCEAS-Resilience_v2013a/data","r_alien_species_Nature2012disaggregated.csv","neptune_data:model/GL-NCEAS-Resilience_v2013a/data","r_alien_species_Nature2012disaggregated.csv",,,"N",TRUE,"neptune_data:model/GL-NCEAS-Resilience_v2013a/whence_2013a","CBDaliens_whence.csv",,,,,,,
"resilience","cites","cites","Resilience from commitment to CITES","Convention on International Trade in Endangered Species of Wild Fauna and Flora (CITES) signatories","7.16","5.15","resilience score","resilience score",,"2012a","parent",,"disaggregate(csv.in='/Volumes/local_edit/src/toolbox/data/global_2012_nature/layers/r_cites.csv', csv.out ='/Volumes/data_edit/model/GL-NCEAS-Resilience_v2013a/data/r_cites_2013a.csv', fld.value=NA, weight.csv=NA)","N",,"neptune_data:model/GL-NCEAS-Resilience_v2013a/data","r_cites_2013a.csv","neptune_data:model/GL-NCEAS-Resilience_v2013a/data","r_cites_2013a.csv","ohiprep:Global/CITES-Signatories_v2014/data/","rgn_cites_2014a.csv","Y",TRUE,"neptune_data:model/GL-CITES-Signatories_v2013/data","rgn_cites_2013_all_whence.csv","r_cites.csv","region_id",,,,"resilience_score",
"resilience","fishing_v1","fishing_v1","CBD survey: coastal fishing v1","Convention on Biological Diversity (CBD) Third National Survey questions in 2005","7.14","5.14","resilience score","resilience score",,"new","parent","(update with new MPA data?)","disaggregate(csv.in='/Volumes/local_edit/src/toolbox/data/global_2012_nature/layers/r_fishing_v1.csv', csv.out ='/Volumes/data_edit/model/GL-NCEAS-Resilience_v2013a/data/r_fishing_v1_2013a.csv', fld.value=NA, weight.csv=NA)","N",,"neptune_data:model/GL-NCEAS-Resilience_v2013a/data","r_fishing_v1_2013a.csv","neptune_data:model/GL-NCEAS-Resilience_v2013a/data","r_fishing_v1_2013a.csv",,,,TRUE,,,"r_fishing_v1.csv","region_id",,,,"resilience_score",
"resilience","fishing_v1_eez","fishing_v1_eez","CBD survey: ocean fishing v1","Convention on Biological Diversity (CBD) Third National Survey questions in 2005","7.14","5.14","resilience score","resilience score",,"new","parent","(update with new MPA data?)","disaggregate(csv.in='/Volumes/local_edit/src/toolbox/data/global_2012_nature/layers/r_fishing_v1_eez.csv', csv.out ='/Volumes/data_edit/model/GL-NCEAS-Resilience_v2013a/data/r_fishing_v1_eez_2013a.csv', fld.value=NA, weight.csv=NA)","N",,"neptune_data:model/GL-NCEAS-Resilience_v2013a/data","r_fishing_v1_eez_2013a.csv","neptune_data:model/GL-NCEAS-Resilience_v2013a/data","r_fishing_v1_eez_2013a.csv",,,,TRUE,,,"r_fishing_v1_eez.csv","region_id",,,,"resilience_score",
"resilience","fishing_v2_eez","fishing_v2_eez","CBD survey: ocean fishing v2","Convention on Biological Diversity (CBD) Third National Survey questions in 2005","7.14","5.14","resilience score","resilience score",,"new","parent","(update with new MPA data?)","disaggregate(csv.in='/Volumes/local_edit/src/toolbox/data/global_2012_nature/layers/r_fishing_v2_eez.csv', csv.out ='/Volumes/data_edit/model/GL-NCEAS-Resilience_v2013a/data/r_fishing_v2_eez_2013a.csv', fld.value=NA, weight.csv=NA)","N",,"neptune_data:model/GL-NCEAS-Resilience_v2013a/data","r_fishing_v2_eez_2013a.csv","neptune_data:model/GL-NCEAS-Resilience_v2013a/data","r_fishing_v2_eez_2013a.csv",,,,TRUE,"neptune_data:model/GL-WEF-Economics_v2013/data","rgn_wef_gci_2013a_whence.csv","r_fishing_v2_eez.csv","region_id",,,,"resilience_score",
"resilience","fishing_v3","fishing_v3","CBD survey: coastal fishing v3","Convention on Biological Diversity (CBD) Third National Survey questions in 2005","7.14","5.14","resilience score","resilience score",,"new","parent","(update with new MPA data?)","disaggregate(csv.in='/Volumes/local_edit/src/toolbox/data/global_2012_nature/layers/r_fishing_v3.csv', csv.out ='/Volumes/data_edit/model/GL-NCEAS-Resilience_v2013a/data/r_fishing_v3_2013a.csv', fld.value=NA, weight.csv=NA)","N",,"neptune_data:model/GL-NCEAS-Resilience_v2013a/data","r_fishing_v3_2013a.csv","neptune_data:model/GL-NCEAS-Resilience_v2013a/data","r_fishing_v3_2013a.csv",,,,TRUE,,,"r_fishing_v3.csv","region_id",,,,"resilience_score",
"resilience","fishing_v3_eez","fishing_v3_eez","CBD survey: ocean fishing v3","Convention on Biological Diversity (CBD) Third National Survey questions in 2005","7.14","5.14","resilience score","resilience score",,"new","parent","(update with new MPA data?)","disaggregate(csv.in='/Volumes/local_edit/src/toolbox/data/global_2012_nature/layers/r_fishing_v3_eez.csv', csv.out ='/Volumes/data_edit/model/GL-NCEAS-Resilience_v2013a/data/r_fishing_v3_eez_2013a.csv', fld.value=NA, weight.csv=NA)","N",,"neptune_data:model/GL-NCEAS-Resilience_v2013a/data","r_fishing_v3_eez_2013a.csv","neptune_data:model/GL-NCEAS-Resilience_v2013a/data","r_fishing_v3_eez_2013a.csv",,,,TRUE,,,"r_fishing_v3_eez.csv","region_id",,,,"resilience_score",
"resilience","habitat","habitat","CBD survey: habitat","Convention on Biological Diversity (CBD) Third National Survey questions in 2005","7.14","5.14","resilience score","resilience score",,"new","parent","(update with new MPA data?)","disaggregate(csv.in='/Volumes/local_edit/src/toolbox/data/global_2012_nature/layers/r_habitat.csv', csv.out ='/Volumes/data_edit/model/GL-NCEAS-Resilience_v2013a/data/r_habitat_2013a.csv', fld.value=NA, weight.csv=NA)","N",,"neptune_data:model/GL-NCEAS-Resilience_v2013a/data","r_habitat_2013a.csv","neptune_data:model/GL-NCEAS-Resilience_v2013a/data","r_habitat_2013a.csv",,,,TRUE,,,"r_habitat.csv","region_id",,,,"resilience_score",
"resilience","habitat_combo","habitat_combo","CBD survey: coastal habitat","Convention on Biological Diversity (CBD) Third National Survey questions in 2005","7.14","5.14","resilience score","resilience score",,"new","parent","(update with new MPA data?)","disaggregate(csv.in='/Volumes/local_edit/src/toolbox/data/global_2012_nature/layers/r_habitat_combo.csv', csv.out ='/Volumes/data_edit/model/GL-NCEAS-Resilience_v2013a/data/r_habitat_combo_2013a.csv', fld.value=NA, weight.csv=NA)","N",,"neptune_data:model/GL-NCEAS-Resilience_v2013a/data","r_habitat_combo_2013a.csv","neptune_data:model/GL-NCEAS-Resilience_v2013a/data","r_habitat_combo_2013a.csv",,,,TRUE,,,"r_habitat_combo.csv","region_id",,,,"resilience_score",
"resilience","habitat_combo_eez","habitat_combo_eez","CBD survey: ocean habitat","Convention on Biological Diversity (CBD) Third National Survey questions in 2005","7.14","5.14","resilience score","resilience score",,"new","parent","(update with new MPA data?)","disaggregate(csv.in='/Volumes/local_edit/src/toolbox/data/global_2012_nature/layers/r_habitat_combo_eez.csv', csv.out ='/Volumes/data_edit/model/GL-NCEAS-Resilience_v2013a/data/r_habitat_combo_eez_2013a.csv', fld.value=NA, weight.csv=NA)","N",,"neptune_data:model/GL-NCEAS-Resilience_v2013a/data","r_habitat_combo_eez_2013a.csv","neptune_data:model/GL-NCEAS-Resilience_v2013a/data","r_habitat_combo_eez_2013a.csv",,,,TRUE,,,"r_habitat_combo_eez.csv","region_id",,,,"resilience_score",
"resilience","li_gci","li_gci","GCI: competitiveness in achieving sustained economic prosperity","Global Competitiveness Index (GCI) scores (score)","7.23","5.23","score","resilience score",,,"parent","nature2012 data disaggregated for 2012a; 2013a data from new source","NA: 2013a data only reported for one year","Y",,"neptune_data:model/GL-NCEAS-Resilience_v2013a/data","r_li_gci_Nature2012disaggregated.csv","neptune_data:model/GL-WEF-Economics_v2013/data","rgn_wef_gci_2013a_rescaled.csv","ohiprep:Global/WEF-Economics_v2014/data/","rgn_wef_gci_2014a.csv","Y",TRUE,"ohiprep:Global/WEF-Economics_v2014/data","rgn_wef_gci_2014a.csv","r_li_gci.csv","region_id",,,,"resilience_score",
"resilience","li_sector_evenness","li_sector_evenness","Sector evenness as a measure of economic diversity","Shannon's Diversity Index calculated sector evenness based on the total number of sectors and the proportion of jobs belonging to any sector","7.6","5.66","resilience score","resilience score",,"2012a","parent","(make sure same method as LE status data)","disaggregate(csv.in='/Volumes/local_edit/src/toolbox/data/global_2012_nature/layers/r_li_sector_evenness.csv', csv.out ='/Volumes/data_edit/model/GL-NCEAS-Resilience_v2013a/data/r_li_sector_evenness_2013a.csv', fld.value=NA, weight.csv=NA)","N",,"neptune_data:model/GL-NCEAS-Resilience_v2013a/data","r_li_sector_evenness_2013a.csv","neptune_data:model/GL-NCEAS-Resilience_v2013a/data","r_li_sector_evenness_2013a.csv",,,"N",TRUE,,,"r_li_sector_evenness.csv","region_id",,,,"resilience_score",
"resilience","mariculture","mariculture","CBD survey: mariculture","Convention on Biological Diversity (CBD) Third National Survey questions in 2005","7.14","5.14","resilience score","resilience score",,"2012a","parent",,"disaggregate(csv.in='/Volumes/local_edit/src/toolbox/data/global_2012_nature/layers/r_mariculture.csv', csv.out ='/Volumes/data_edit/model/GL-NCEAS-Resilience_v2013a/data/r_mariculture_2013a.csv', fld.value=NA, weight.csv=NA)","N",,"neptune_data:model/GL-NCEAS-Resilience_v2013a/data","r_mariculture_2013a.csv","neptune_data:model/GL-NCEAS-Resilience_v2013a/data","r_mariculture_2013a.csv",,,,TRUE,,,"r_mariculture.csv","region_id",,,,"resilience_score",
"resilience","msi_gov","msi_gov"," MSI sustainability and regulations","Mariculture practice assessment criteria from the Mariculture Sustainability Index (MSI)","7.3","5.33","resilience score","resilience score",,"2012a","parent",,"disaggregate(csv.in='/Volumes/local_edit/src/toolbox/data/global_2012_nature/layers/r_msi_gov.csv', csv.out ='/Volumes/data_edit/model/GL-NCEAS-Resilience_v2013a/data/r_msi_gov_2013a.csv', fld.value=NA, weight.csv=NA)","N","only 63 unique rgn_2012nature; so only 80 unique in rgns for 2012a and 2013a","neptune_data:model/GL-NCEAS-Resilience_v2013a/data","r_msi_gov_2013a.csv","neptune_data:model/GL-NCEAS-Resilience_v2013a/data","r_msi_gov_2013a.csv",,,"N",TRUE,,,"r_msi_gov.csv","region_id",,,,"resilience_score",
"resilience","species_diversity","species_diversity","Ocean ecological integrity","Marine species diversity as a proxy for ecological integrity: ocean","7.18","5.18","score","resilience score",,"new","new","(same as SPP status score)","disaggregate(csv.in='/Volumes/local_edit/src/toolbox/data/global_2012_nature/layers/r_species_diversity.csv', csv.out ='/Volumes/data_edit/model/GL-NCEAS-Resilience_v2013a/data/r_species_diversity_2013a.csv', fld.value=NA, weight.csv=NA)","N",,"neptune_data:model/GL-NCEAS-SpeciesDiversity_v2013a/data","rgn_spp_score_2012.csv","neptune_data:model/GL-NCEAS-SpeciesDiversity_v2013a/data","rgn_spp_score_2013.csv",,,,TRUE,,,"r_species_diversity.csv","region_id",,,,"resilience_score",
"resilience","species_diversity_3nm","species_diversity_3nm","Coastal ecological integrity","Marine species diversity as a proxy for ecological integrity: coastal","7.18","5.18","score","resilience score",,"new","new","(same as SPP score - clip to 3nm if time left nxt week)","disaggregate(csv.in='/Volumes/local_edit/src/toolbox/data/global_2012_nature/layers/r_species_diversity_3nm.csv', csv.out ='/Volumes/data_edit/model/GL-NCEAS-Resilience_v2013a/data/r_species_diversity_3nm_2013a.csv', fld.value=NA, weight.csv=NA)","N",,"neptune_data:model/GL-NCEAS-SpeciesDiversity_v2013a/data","rgn_spp_score_offshore3nm_2013.csv","neptune_data:model/GL-NCEAS-SpeciesDiversity_v2013a/data","rgn_spp_score_offshore3nm_2013.csv",,,,TRUE,,,"r_species_diversity_3nm.csv","region_id",,,,"resilience_score",
"resilience","tourism","tourism","CBD survey: tourism","Convention on Biological Diversity (CBD) Third National Survey questions in 2005","7.14","5.14","resilience score","resilience score",,"2012a","parent",,"disaggregate(csv.in='/Volumes/local_edit/src/toolbox/data/global_2012_nature/layers/r_tourism.csv', csv.out ='/Volumes/data_edit/model/GL-NCEAS-Resilience_v2013a/data/r_tourism_2013a.csv', fld.value=NA, weight.csv=NA)","N",,"neptune_data:model/GL-NCEAS-Resilience_v2013a/data","r_tourism_2013a.csv","neptune_data:model/GL-NCEAS-Resilience_v2013a/data","r_tourism_2013a.csv",,,,TRUE,"neptune_data:model/GL-NCEAS-Resilience_v2013a/whence_2013a","CBDtourism_whence.csv","r_tourism.csv","region_id",,,,"resilience_score",
"resilience","water","water","CBD survey: water","Convention on Biological Diversity (CBD) Third National Survey questions in 2005","7.14","5.14","resilience score","resilience score",,"2012a","parent",,"disaggregate(csv.in='/Volumes/local_edit/src/toolbox/data/global_2012_nature/layers/r_water.csv', csv.out ='/Volumes/data_edit/model/GL-NCEAS-Resilience_v2013a/data/r_water_2013a.csv', fld.value=NA, weight.csv=NA)","N",,"neptune_data:model/GL-NCEAS-Resilience_v2013a/data","r_water_2013a.csv","neptune_data:model/GL-NCEAS-Resilience_v2013a/data","r_water_2013a.csv",,,,TRUE,"neptune_data:model/GL-NCEAS-Resilience_v2013a/whence_2013a","CBDwater_whence.csv","r_water.csv","region_id",,,,"resilience_score",
"resilience","wgi_all","wgi_all","Strength of governance indicated with the WGI","World Governance Indicators (WGI) six combined scores","7.7","5.77","score","resilience score",,,"parent","2012a: parent; 2013a: soverignty gapfilling","NA (updated data)","Y","convert from WGI score: min=-2.49, max=1.98","neptune_data:model/GL-WorldBank-WGI_v2011/data","rgn_wb_wgi_2012a_rescaled.csv","neptune_data:model/GL-WorldBank-WGI_v2011/data","rgn_wb_wgi_2013a_rescaled.csv",,,,TRUE,"neptune_data:model/GL-WorldBank-WGI_v2011/data","rgn_wb_wgi_2013a_whence.csv","r_wgi_all.csv","region_id",,,,"resilience_score",
"REV",,"gdp_total_contribution_tourism",,,,,,,,,,,,,,,,,,"ohiprep:Global/WTTC-Tourism_v2013/data/","rgn_wttc_gdpt_2014a.csv","Y",,,,,,,,,,
"spatial","cntry_area_inland25mi","cn_cntry_area_inland25mi","Country inland area 25 miles from shore","country inland area 25 miles from shore","3",,"km2","km^2",,"2012a","new",,"NA (updated data)",,,,,,,,,,,,,"cntry_area_inland25mi.csv",,"country_id",,,"km2",
"spatial","cntry_area_inland50mi","cn_cntry_area_inland50mi","Country inland area 50 miles from shore","country inland area 50 miles from shore","3",,"km2","km^2",,"2012a","new",,"NA (updated data)",,,,,,,,,,,,,"cntry_area_inland50mi.csv",,"country_id",,,"km2",
"spatial","cntry_area_land","cn_cntry_area_land","Country inland area total","country inland area","3",,"km2","km^2",,"2012a","new",,"NA (updated data)",,,,,,,,,,,,,"cntry_area_land.csv",,"country_id",,,"km2",
"spatial","cntry_georegion_labels","ctk_cntry_georegion_labels","Georegion labels per country, at 3 georegion_levels","georegion labels per country, at 3 georegion_levels","3",,"georegion_label","georegion label",,"2012a","new",,"NA (updated data)",,,,,,,,,,,,,"cntry_georegion_labels.csv",,"country_id","level",,,"georegion_label"
"spatial","cntry_georegions","cnk_cntry_georegions","Georegion ids per country, at 3 georegion levels","georegions per country, at 3 georegion levels","3",,"georgn_id","georegion id",,"2012a","new",,"NA (updated data)",,,"neptune_data:model/GL-NCEAS-OceanRegions_v2013a/manual_output","cntry_georegions_long_2013b.csv","neptune_data:model/GL-NCEAS-OceanRegions_v2013a/manual_output","cntry_georegions_long_2013b.csv",,,,TRUE,,,"cntry_georegions.csv",,"country_id","level",,"georegion_id",
"spatial","cntry_label","ct_cntry_label","Countries by ISO 3166 code","countries by ISO 3166 code","3",,"label","region label",,"2012a","new",,"NA (updated data)",,,,,,,,,,,,,"cntry_label.csv",,"country_id",,,,"label"
"spatial","cntry_rgn","cn_cntry_rgn","Regions per country","regions per country","3",,"rgn_id","region id",,"2012a","new",,"NA (updated data)",,,"neptune_data:model/GL-NCEAS-OceanRegions_v2013a/manual_output","cntry_rgn_2013.csv","neptune_data:model/GL-NCEAS-OceanRegions_v2013a/manual_output","cntry_rgn_2013.csv",,,,TRUE,,,"cntry_rgn.csv",,"country_id",,,"region_id",
"spatial","rgn_area","rn_rgn_area","Region area of total EEZ ocean","region in water area","3",,"area_km2","km^2",,"2012a","new",,"NA (updated data)",,,"neptune_data:model/GL-NCEAS-OceanRegions_v2013a/data","rgn_fao_gcs_area.csv","neptune_data:model/GL-NCEAS-OceanRegions_v2013a/data","rgn_fao_gcs_area.csv",,,,TRUE,,,"rgn_area.csv","region_id",,,,"km2",
"spatial","rgn_area_inland1km","rn_rgn_area_inland1km","Region area 1 km inland","inland area 1 km from shore","3",,"area_km2","km^2",,"2012a","new",,,,,"neptune_data:model/GL-NCEAS-OceanRegions_v2013a/data","rgn_area_inland1km.csv","neptune_data:model/GL-NCEAS-OceanRegions_v2013a/data","rgn_area_inland1km.csv",,,,TRUE,,,"rgn_area_inland1km.csv","region_id",,,,"km2",
"spatial","rgn_area_offshore3nm","rn_rgn_area_offshore3nm","Region area offshore 3nm","offshore area 3 nautical miles from shore","3",,"area_km2","km^2",,"2012a","new",,,,,"neptune_data:model/GL-NCEAS-OceanRegions_v2013a/data","rgn_area_offshore3nm.csv","neptune_data:model/GL-NCEAS-OceanRegions_v2013a/data","rgn_area_offshore3nm.csv",,,,TRUE,,,"rgn_area_offshore3nm.csv","region_id",,,,"km2",
"spatial","rgn_georegion_labels","rtk_rgn_georegion_labels","Georegion labels per region, at 3 georegion levels","georegions per region, at 3 georegion levels","3",,"label","label",,"2012a","new",,"NA (updated data)",,,"neptune_data:model/GL-NCEAS-OceanRegions_v2013a/manual_output","rgn_georegions_labels_long_2013b.csv","neptune_data:model/GL-NCEAS-OceanRegions_v2013a/manual_output","rgn_georegions_labels_long_2013b.csv",,,,TRUE,,,"rgn_georegions.csv","region_id",,"level",,"georegion_id",
"spatial","rgn_georegions","rnk_rgn_georegions","Georegion ids per region, at 3 georegion levels","georegions per region, at 3 georegion levels","3",,"georgn_id","georegion id",,"2012a","new",,"NA (updated data)",,,"neptune_data:model/GL-NCEAS-OceanRegions_v2013a/manual_output","rgn_georegions_long_2013b.csv","neptune_data:model/GL-NCEAS-OceanRegions_v2013a/manual_output","rgn_georegions_long_2013b.csv",,,,TRUE,,,"rgn_georegions.csv","region_id",,"level",,"georegion_id",
"spatial","rgn_global","rnk_rgn_global","regions used in global analysis for Nature 2012, subset of regions_labels by type=eez and not deleted or disputed ","regions used in global analysis for Nature 2012, subset of regions_labels by type=eez and not deleted or disputed ","3",,"label","label",,"2012a","new",,"NA (updated data)",,,"neptune_data:model/GL-NCEAS-OceanRegions_v2013a/data","rgn_global.csv","neptune_data:model/GL-NCEAS-OceanRegions_v2013a/data","rgn_global.csv",,,,TRUE,,,"rgn_global.csv","region_id",,"type",,,"label"
"spatial","rgn_labels","rtk_rgn_labels","regions by type (eez, subocean, unclaimed) and label","regions by type (eez, subocean, unclaimed) and label","3",,"label","label",,"2012a","new",,"NA (updated data)",,,"neptune_data:model/GL-NCEAS-OceanRegions_v2013a/data","rgn_labels.csv","neptune_data:model/GL-NCEAS-OceanRegions_v2013a/data","rgn_labels.csv",,,,TRUE,,,"rgn_labels.csv","region_id",,"type",,,"label"
"SPP","spp_status","rn_spp_status","Species lists and IUCN threat categories as a proxy for iconic species status","International Union for Conservation of Nature (IUCN) Red List threat categories with aggregated species lists ","7.27","5.29","score","status score",,,"new",,,,,"neptune_data:model/GL-NCEAS-SpeciesDiversity_v2013a/data","rgn_spp_score_2012.csv","neptune_data:model/GL-NCEAS-SpeciesDiversity_v2013a/data","rgn_spp_score_2013.csv",,,,TRUE,,,,,,,,,
"SPP","spp_trend","rn_spp_trend","Species lists and IUCN threat categories as a proxy for iconic species trend","International Union for Conservation of Nature (IUCN) Red List threat categories with aggregated species lists ","7.27","5.29","score","trend score",,,"new",,,,,"neptune_data:model/GL-NCEAS-SpeciesDiversity_v2013a/data","rgn_spp_trend_2012.csv","neptune_data:model/GL-NCEAS-SpeciesDiversity_v2013a/data","rgn_spp_trend_2013.csv",,,,TRUE,,,,,,,,,
"TR","tr_jobs_total","tr_jobs_total","Total labor force",,,,"count","jobs",,,,,,,,"ohiprep:Global/WorldBank-Statistics_v2012/data/","rgn_wb_tlf_2014a.csv","ohiprep:Global/WorldBank-Statistics_v2012/data/","rgn_wb_tlf_2014a.csv","ohiprep:Global/WorldBank-Statistics_v2012/data/","rgn_wb_tlf_2014a.csv","Y",TRUE,"ohiprep:Global/WorldBank-Statistics_v2012/data","rgn_wb_tlf_2014a_attr.csv",,,,,,,
"TR","tr_jobs_tourism","tr_jobs_tourism","Direct employment in tourism",,,,"count","jobs",,,,,,,,"ohiprep:Global/WTTC-Tourism_v2013/data/","rgn_wttc_empd_2014a.csv","ohiprep:Global/WTTC-Tourism_v2013/data/","rgn_wttc_empd_2014a.csv","ohiprep:Global/WTTC-Tourism_v2013/data/","rgn_wttc_empd_2014a.csv","Y",TRUE,,,,,,,,,
"TR","tr_status","rn_tr_status","Modeled tourism status","Modeled tourism status with updated approach","6G","5.75","status","status score",,,"new",,,,,"neptune_data:model/GL-NCEAS-TR_v2013a/data","TourRec_Status_2012a_Sep23b.csv","neptune_data:model/GL-NCEAS-TR_v2013a/data","TourRec_Status_2013a_Sep23b.csv",,,,FALSE,,,,,,,,,
"TR","tr_sustainability","tr_sustainability","Sustainability index","Tourism Competitiveness Index (TTCI) from the World Economic Forum",,,"score","score",,,,,,,,"neptune_data:model/GL-WEF-Economics_v2013/data","rgn_wef_ttci_2013a_lyr.csv","neptune_data:model/GL-WEF-Economics_v2013/data","rgn_wef_ttci_2013a_lyr.csv",,,"N",TRUE,"neptune_data:model/GL-WEF-Economics_v2013/data","rgn_wef_ttci_2013a_whence.csv",,,,,,,
"TR","tr_trend","rn_tr_trend","Modeled tourism trend","Modeled tourism trend with updated approach","6G","5.75","trend","trend score",,,"new",,,,,"neptune_data:model/GL-NCEAS-TR_v2013a/data","TourRec_Trend_2012a_Sep23b.csv","neptune_data:model/GL-NCEAS-TR_v2013a/data","TourRec_Trend_2013a_Sep23b.csv",,,,FALSE,,,,,,,,,
"TR","tr_unemployment","tr_unemployment","Percent unemployment",,,,"percent","percent unemployed",,,,,,,,"ohiprep:Global/WorldBank-Statistics_v2012/data/","rgn_wb_uem_2014a.csv","ohiprep:Global/WorldBank-Statistics_v2012/data/","rgn_wb_uem_2014a.csv","ohiprep:Global/WorldBank-Statistics_v2012/data/","rgn_wb_uem_2014a.csv","Y",TRUE,"ohiprep:Global/WorldBank-Statistics_v2012/data","rgn_wb_uem_2014a_attr.csv",,,,,,,
,,,,,,,,,,,,,,,,,,,,,,,,,,,,,,,,
"NP","np_sustainability_score","rnk_np_sustainability_score","Sustainability of marine resource harvest","Assigned sustainability based on Convention on International Trade in Endangered Species of Wild Fauna and Flora (CITES) listed species","6C","5.51-5.53","score","value",,"2012a","new",,,"U",,"neptune_data:model/GL-NCEAS-NaturalProducts_v2013a/data","np_sustainability_v2012a_updated_lyr.csv","neptune_data:model/GL-NCEAS-NaturalProducts_v2013a/data","np_sustainability_v2013a_updated_lyr.csv",,,,,,,"np_sustainability_score.csv",,"country_id","product","year","score",
"NP","np_harvest_relative","rnky_np_harvest_relative","Harvest of marine resources","Yield and value of six marine resources (coral, fish oil, seaweed and plants, shells, sponges, ornamental fish)","6C","5.51-5.53","score","value",,"new","new",,,"U",,"neptune_data:model/GL-NCEAS-NaturalProducts_v2013a/data","np_harvest_relative_v2013a_updated_lyr_NAmanualoverride.csv","neptune_data:model/GL-NCEAS-NaturalProducts_v2013a/data","np_harvest_relative_v2013a_updated_lyr_NAmanualoverride.csv",,,,,,,"np_harvest_relative.csv",,"country_id","product","year","tonnes",
"NP pressures","np_weights_combo","rnk_np_weights_combo","Harvest of marine resources: weights","Weighting of marine resource harvest","6C","5.51-5.53","weight","tons",,,"new","reminder: places without NP data are assumed to not harvest, so treated as NA",,"U",,"neptune_data:model/GL-NCEAS-NaturalProducts_v2013a/data","np_weight_combo_2012a_updated_lyr.csv","neptune_data:model/GL-NCEAS-NaturalProducts_v2013a/data","np_weight_combo_2013a_updated_lyr.csv",,,,,"exclude",,"np_weights_combo.csv",,"country_id","product","year","score",
,,,,,,,,,,,,,,,,,,,,,,,,,,,,,,,,
"NP","np_harvest_tonnes","rnky_np_harvest_relative","Harvest yield of marine natural products","Yield in metric tonnes of six marine products (coral, fish oil, seaweed and plants, shells, sponges, ornamental fish)","6C","5.51-5.53","tonnes","metric tonnes",,"new","new",,,"U",,"ohiprep:Global/FAO-Commodities_v2011/data","FAO-Commodities_v2011_tonnes_lyr.csv","ohiprep:Global/FAO-Commodities_v2011/data","FAO-Commodities_v2011_tonnes_lyr.csv","ohiprep:Global/FAO-Commodities_v2011/data","FAO-Commodities_v2011_tonnes_lyr.csv","Y",TRUE,,,"np_harvest_relative.csv",,"country_id","product","year","tonnes",
"NP","np_harvest_usd","rnky_np_harvest_relative","Harvest value of marine natural products","Value in 2010 US dollars of six marine products (coral, fish oil, seaweed and plants, shells, sponges, ornamental fish)","6C","5.51-5.53","usd","2010 USD",,"new","new",,,"U",,"ohiprep:Global/FAO-Commodities_v2011/data","FAO-Commodities_v2011_usd_lyr.csv","ohiprep:Global/FAO-Commodities_v2011/data","FAO-Commodities_v2011_usd_lyr.csv","ohiprep:Global/FAO-Commodities_v2011/data","FAO-Commodities_v2011_usd_lyr.csv","Y",TRUE,,,"np_harvest_relative.csv",,"country_id","product","year","tonnes",
"NP","np_cyanide",,"Areas of observed poison fishing",,,,"score","pressure score",,,,,,,,"ohiprep:Global/WRI-ReefsAtRisk_v2013/data","gl_thr_poison_3nm_rgn2013.csv","ohiprep:Global/WRI-ReefsAtRisk_v2013/data","gl_thr_poison_3nm_rgn2013.csv","ohiprep:Global/WRI-ReefsAtRisk_v2013/data","gl_thr_poison_3nm_rgn2013.csv","Y",TRUE,,,,,,,,,
"NP","np_blast",,"Areas of observed blast (dynamite) fishing",,,,"score","pressure score",,,,,,,,"ohiprep:Global/WRI-ReefsAtRisk_v2013/data","gl_thr_blast_3nm_rgn2013.csv","ohiprep:Global/WRI-ReefsAtRisk_v2013/data","gl_thr_blast_3nm_rgn2013.csv","ohiprep:Global/WRI-ReefsAtRisk_v2013/data","gl_thr_blast_3nm_rgn2013.csv","Y",TRUE,,,,,,,,,
"NP","np_coral_reef",,"Coral reef area (km2)",,,,"area_km2","km^2",,,,,,,,"ohiprep:Global/NCEAS-Halpern2008_v2014/data","ecosystems_coral_reef.csv","ohiprep:Global/NCEAS-Halpern2008_v2014/data","ecosystems_coral_reef.csv","ohiprep:Global/NCEAS-Halpern2008_v2014/data","ecosystems_coral_reef.csv","Y",TRUE,,,,,,,,,
"NP","np_rocky_reef",,"Rocky reef area (km2)",,,,"area_km2","km^2",,,,,,,,"ohiprep:Global/NCEAS-Halpern2008_v2014/data","ecosystems_rky_reef.csv","ohiprep:Global/NCEAS-Halpern2008_v2014/data","ecosystems_rky_reef.csv","ohiprep:Global/NCEAS-Halpern2008_v2014/data","ecosystems_rky_reef.csv","Y",TRUE,,,,,,,,,
"NP","np_harvest_product_weight",,"Ratio of product peak harvest value (in 2010 USD) divided by sum of all product peak harvest values, per region",,,,"weight","ratio",,,,,,,,"ohiprep:Global/NCEAS-NaturalProducts_v2014/data","np_harvest_usd-peak-product-weight_year-max-2009.csv","ohiprep:Global/NCEAS-NaturalProducts_v2014/data","np_harvest_usd-peak-product-weight_year-max-2010.csv","ohiprep:Global/NCEAS-NaturalProducts_v2014/data","np_harvest_usd-peak-product-weight_year-max-2011.csv","Y",TRUE,,,,,,,,,
