"id","region"
1,"Indo-Pacific-CT"
1,"WestPacific"
10,"Indo-Pacific-CT"
100,"EastPacific"
101,"Carib-Brazil"
101,"EastPacific"
102,"EastPacific"
103,"EastPacific"
104,"EastPacific"
105,"Carib-Brazil"
106,"Carib-Brazil"
108,"WestPacific"
109,"WestPacific"
11,"Indo-Pacific-CT"
110,"WestPacific"
111,"WestPacific"
112,"WestPacific"
113,"WestPacific"
114,"WestPacific"
114,"Hawaii"
115,"WestPacific"
116,"Carib-Brazil"
116,"Hawaii"
118,"Carib-Brazil"
119,"Carib-Brazil"
12,"Indo-Pacific-CT"
120,"Carib-Brazil"
121,"Carib-Brazil"
122,"Carib-Brazil"
13,"Indo-Pacific-CT"
14,"WestPacific"
141,"Arabian-Peninsula"
142,"Arabian-Peninsula"
143,"Arabian-Peninsula"
15,"WestPacific"
152,"EastAfrica"
153,"SouthAsia"
154,"SouthAsia"
155,"SouthAsia"
156,"Indo-Pacific-CT"
157,"Indo-Pacific-CT"
159,"Indo-Pacific-CT"
160,"Indo-Pacific-CT"
161,"WestPacific"
163,"Arabian-Peninsula"
164,"Arabian-Peninsula"
165,"Indo-Pacific-CT"
174,"Carib-Brazil"
174,"Indo-Pacific-CT"
177,"Carib-Brazil"
18,"Indo-Pacific-CT"
181,"WestPacific"
19,"Indo-Pacific-CT"
20,"EastAfrica"
21,"EastAfrica"
22,"EastAfrica"
23,"EastAfrica"
24,"SouthAsia"
25,"SouthAsia"
26,"SouthAsia"
27,"EastAfrica"
28,"EastAfrica"
29,"EastAfrica"
3,"WestPacific"
30,"EastAfrica"
31,"Arabian-Peninsula"
32,"Arabian-Peninsula"
33,"Arabian-Peninsula"
34,"Arabian-Peninsula"
35,"Arabian-Peninsula"
36,"Arabian-Peninsula"
37,"Arabian-Peninsula"
38,"Arabian-Peninsula"
39,"SouthAsia"
4,"WestPacific"
5,"WestPacific"
6,"WestPacific"
62,"Arabian-Peninsula"
7,"WestPacific"
75,"EastAfrica"
79,"EastPacific"
8,"WestPacific"
80,"Carib-Brazil"
81,"Carib-Brazil"
82,"Carib-Brazil"
83,"Carib-Brazil"
84,"Carib-Brazil"
85,"Carib-Brazil"
86,"Carib-Brazil"
87,"Carib-Brazil"
88,"Carib-Brazil"
89,"Carib-Brazil"
9,"WestPacific"
90,"Carib-Brazil"
91,"Carib-Brazil"
92,"Carib-Brazil"
93,"Carib-Brazil"
94,"Carib-Brazil"
95,"Carib-Brazil"
95,"EastPacific"
96,"Carib-Brazil"
96,"EastPacific"
97,"Carib-Brazil"
97,"EastPacific"
98,"Carib-Brazil"
98,"EastPacific"
99,"EastPacific"
