{
  "name": "arc",
  "width": 400,
  "height": 400,
  "padding": {"top":0, "bottom":0, "left":0, "right":0},
  "data": [
    {
      "name": "table",
      "values": [12, 23, 47, 6, 52, 19],
      "transform": [
        {"type": "pie", "value": "data"}
      ]
    }
  ],
  "scales": [
    {
      "name": "r",
      "type": "sqrt",
      "domain": {"data": "table", "field": "data"},
      "range": [20, 100]
    }
  ],
  "marks": [
    {
      "type": "arc",
      "from": {"data": "table"},
      "properties": {
        "enter": {
          "x": {"value": 200},
          "y": {"value": 200},
          "startAngle": {"field": "startAngle"},
          "endAngle": {"field": "endAngle"},
          "innerRadius": {"value": 20},
          "outerRadius": {"scale": "r"},
          "stroke": {"value": "#fff"}
        },
        "update": {
          "fill": {"value": "#ccc"}
        },
        "hover": {
          "fill": {"value": "pink"}
        }
      }
    }
  ]
}