"order_color","order_hierarchy","order_calculate","goal","parent","name","name_flower","description","weight","preindex_function","postindex_function"
1.2,1,15,"FP",,"Food Provision","Food Provision","This goal measures the amount of seafood sustainably harvested in a given region through any means for use primarily in human consumption and thus includes wild-caught commercial fisheries, mariculture, artisanal-scale and recreational fisheries.",1,,"FP(layers, scores)"
1.1,1.1,1,"FIS","FP","Fisheries","Fisheries","This subgoal model aims to assess the amount of wild-caught seafood that can be sustainably harvested, with sustainability defined by multi-species yield, and with penalties assigned for both over- and under-harvesting.",1,"FIS(layers, status_year=2011)",
8.2,8,17,"SP",,"Sense of Place","Sense of Place","This goal aims to capture the level of protection for aspects of the coastal and marine system that contribute to a person's sense of cultural identity.",1,,"SP(scores)"
8.1,8.1,10,"ICO","SP","Iconic Species","Iconic\nSpecies","This subgoal captures the species that are important to a region because they are relevant to local cultural identity.",1,"ICO(layers)",
10.2,10,18,"BD",,"Biodiversity","Biodiversity","This goal captures the conservation status of marine species.",1,,"BD(scores)"
10.3,10.2,14,"SPP","BD","Species","Species","This subgoal aims to estimate how successfully the richness and variety of marine life is being maintained.",1,"SPP(layers)",
