"targets","layer","layer_old","name","description","fld_value","units","filename","fld_id_num","fld_id_chr","fld_category","fld_year","fld_val_num","fld_val_chr","file_exists","val_min","val_max","val_0to1","flds_unused","flds_missing","rows_duplicated","num_ids_unique"
"AO","ao_access","rn_ao_access","Fisheries management effectiveness and opportunity","The opportunity for artisanal and recreational fishing based on the quality of management of the small- scale fishing sector (Mora et al 2009)","value","value","ao_access.csv","rgn_id",,,,"value",,TRUE,0,0.854,TRUE,,,,220
"AO","ao_need","rny_ao_need","Purchasing power parity as a proxy for subsistence fishing need, by region","The per capita purchasing power parity (PPP) adjusted gross domestic product (GDP): GDPpcPPP","value","value","ao_need.csv","rgn_id",,,"year","value",,TRUE,0.389403365,1,TRUE,,,,220
"CW","cw_coastalpopn_trend","rn_cw_coastalpopn_trend","Coastal human population as a proxy for trend in trash","Coastal population, defined as the total population inland of 25 miles ","trend","trend score","cw_coastalpopn_trend.csv","rgn_id",,,,"trend",,TRUE,-0.188549514549214,0.274677444427172,FALSE,,,,220
"CW","cw_fertilizer_trend","rn_cw_fertilizer_trend","Fertilizer consumption as a proxy for trend in nutrient pollution","Statistics on fertilizer consumption from the Food and Agricultural Organization (FAO) ","trend.score","trend score","cw_fertilizer_trend.csv","rgn_id",,,,"trend.score",,TRUE,-1,1,FALSE,,,,220
"CW","cw_pathogen_trend","rn_cw_pathogen_trend","Trends in access to improved sanitation as a proxy for pathogen pollution trend","Trends in percent of population with access to improved sanitation facilities ","trend","trend score","cw_pathogen_trend.csv","rgn_id",,,,"trend",,TRUE,-0.0940269277341567,0.0324969508670384,FALSE,,,,220
"CW","cw_pesticide_trend","rn_cw_pesticide_trend","Pesticide consumption as a proxy for trend in chemical pollution","Statistics on pesticides consumption from the Food and Agricultural Organization (FAO) ","trend.score","trend score","cw_pesticide_trend.csv","rgn_id",,,,"trend.score",,TRUE,-1,1.3291800353866,FALSE,,,,220
"FIS","fis_b_bmsy","fnk_fis_b_bmsy","B/Bmsy estimates obtained using the catch-MSY method","","b_bmsy","B / B_msy","fis_b_bmsy.csv","fao_id",,"taxon_name","year","b_bmsy",,TRUE,0.0461287907976367,1.98830565893193,FALSE,,,,220
"FIS","fis_meancatch","snk_fis_meancatch","Catch data for each Taxon/FAO/SAUP region averaged across years (1980-2011)","Reported data includes years 2006-2011","mean_catch","metric tons","fis_meancatch.csv",,"fao_saup_id","taxon_name_key","year","mean_catch",,TRUE,1.36907349309404e-05,4795395.86,FALSE,,,,220
"FIS","fis_proparea_saup2rgn","snk_fis_proparea_saup2rgn","area of each saup/total OHI reporting region","For converting saup regions to OHI reporting regions","prop_area","proportion of area","fis_proparea_saup2rgn.csv","saup_id",,"rgn_id",,"prop_area",,TRUE,1.79195021000782e-05,1,TRUE,,,,220
"FP","fp_wildcaught_weight","rn_fp_wildcaught_weight","Fisheries weighting factor","Proportional yield of wild caught fisheries","w_fis","value","fp_wildcaught_weight.csv","rgn_id",,,,"w_fis",,TRUE,0.146651471,1,TRUE,,,,220
"HAB CS CP","hab_extent","rnk_hab_extent","Habitat extent","Modeled combined habitat extent","km2","km^2","hab_extent.csv","rgn_id",,"habitat",,"km2",,TRUE,0,3804040,FALSE,,,,220
"HAB CS CP","hab_health","rnk_hab_health","Habitat health","Modeled combined habitat health condition trend","health","value","hab_health.csv","rgn_id",,"habitat",,"health",,TRUE,0,1,TRUE,,,,220
"HAB CS CP","hab_trend","rnk_hab_trend","Habitat health trend","Modeled combined habitat health trend","trend","trend score","hab_trend.csv","rgn_id",,"habitat",,"trend",,TRUE,-1,1,FALSE,,,,220
"ICO","ico_spp_extinction_status","rnk_ico_spp_extinction_status","IUCN extinction risk category for iconic species","International Union for Conservation of Nature (IUCN) Red List threat categories with aggregated species lists ","category","category","ico_spp_extinction_status.csv","rgn_id",,"sciname",,,"category",TRUE,,,,,,,220
"ICO","ico_spp_popn_trend","rnk_ico_spp_popn_trend","IUCN population trend as a proxy for iconic species trend","International Union for Conservation of Nature (IUCN) Red List threat categories with aggregated species lists ","popn_trend","trend score","ico_spp_popn_trend.csv","rgn_id",,"sciname",,,"popn_trend",TRUE,,,,,,,220
"LE","le_gdp_pc_ppp","le_gdp_pc_ppp","Modeled Livelihoods & Economies data","gross domestic product per person at purchasing power parity","usd","USD","le_gdp_pc_ppp.csv",,"cntry_key",,"year","usd",,TRUE,82.65764088,86506.63612,FALSE,,,,220
"LE","le_jobs_cur_adj_value","le_jobs_cur_adj_value","Modeled Livelihoods & Economies data","One of current or reference and base or adjusted value","value","value","le_jobs_cur_adj_value.csv",,"cntry_key","sector",,"value",,TRUE,62.41711597,98.8240774,FALSE,,,,220
"LE","le_jobs_cur_base_value","le_jobs_cur_base_value","Modeled Livelihoods & Economies data","One of current or reference and base or adjusted value","value","value","le_jobs_cur_base_value.csv",,"cntry_key","sector",,"value",,TRUE,0,12618067.8074626,FALSE,,,,220
"LE","le_jobs_ref_adj_value","le_jobs_ref_adj_value","Modeled Livelihoods & Economies data","One of current or reference and base or adjusted value","value","value","le_jobs_ref_adj_value.csv",,"cntry_key","sector",,"value",,TRUE,69.70000277,98.89999998,FALSE,,,,220
"LE","le_jobs_ref_base_value","le_jobs_ref_base_value","Modeled Livelihoods & Economies data","One of current or reference and base or adjusted value","value","value","le_jobs_ref_base_value.csv",,"cntry_key","sector",,"value",,TRUE,0,12890185.3590328,FALSE,,,,220
"LE","le_rev_cur_adj_value","le_rev_cur_adj_value","Modeled Livelihoods & Economies data","One of current or reference and base or adjusted value","value","value","le_rev_cur_adj_value.csv",,"cntry_key","sector",,"value",,TRUE,30185175.62,14675462506263.5,FALSE,,,,220
"LE","le_rev_cur_base_value","le_rev_cur_base_value","Modeled Livelihoods & Economies data","One of current or reference and base or adjusted value","value","value","le_rev_cur_base_value.csv",,"cntry_key","sector",,"value",,TRUE,0,1297662400437.44,FALSE,,,,220
"LE","le_rev_ref_adj_value","le_rev_ref_adj_value","Modeled Livelihoods & Economies data","One of current or reference and base or adjusted value","value","value","le_rev_ref_adj_value.csv",,"cntry_key","sector",,"value",,TRUE,21839580.57,13033989416504.6,FALSE,,,,220
"LE","le_rev_ref_base_value","le_rev_ref_base_value","Modeled Livelihoods & Economies data","One of current or reference and base or adjusted value","value","value","le_rev_ref_base_value.csv",,"cntry_key","sector",,"value",,TRUE,0,269258481907,FALSE,,,,220
"LE","le_revenue_adj","le_revenue_adj","Modeled Livelihoods & Economies data","adjusted revenue","usd","USD","le_revenue_adj.csv",,"cntry_key",,"year","usd",,TRUE,22820838.02,14675462506263.5,FALSE,,,,220
"LE","le_wage_cur_adj_value","le_wage_cur_adj_value","Modeled Livelihoods & Economies data","One of current or reference and base or adjusted value","value","value","le_wage_cur_adj_value.csv",,"cntry_key","sector",,"value",,TRUE,1,1,TRUE,,,,220
"LE","le_wage_cur_base_value","le_wage_cur_base_value","Modeled Livelihoods & Economies data","One of current or reference and base or adjusted value","value","value","le_wage_cur_base_value.csv",,"cntry_key","sector",,"value",,TRUE,0,419640.152021011,FALSE,,,,220
"LE","le_wage_ref_adj_value","le_wage_ref_adj_value","Modeled Livelihoods & Economies data","One of current or reference and base or adjusted value","value","value","le_wage_ref_adj_value.csv",,"cntry_key","sector",,"value",,TRUE,1,1,TRUE,,,,220
"LE","le_wage_ref_base_value","le_wage_ref_base_value","Modeled Livelihoods & Economies data","One of current or reference and base or adjusted value","value","value","le_wage_ref_base_value.csv",,"cntry_key","sector",,"value",,TRUE,0,170878.277466168,FALSE,,,,220
"LE","le_workforcesize_adj","le_workforcesize_adj","Modeled Livelihoods & Economies data","adjusted workforce size","jobs","jobs","le_workforcesize_adj.csv",,"cntry_key",,"year","jobs",,TRUE,29451.528,783157007.2,FALSE,,,,220
"LE pressures","le_sector_weight","rnk_le_sector_weight","Jobs weighting","Jobs weighting by sector (defaulting to 1)","weight","value","le_sector_weight.csv","rgn_id",,"sector",,"weight",,TRUE,1,1,TRUE,,,,220
"LIV ECO","le_popn","rny_le_popn","Total population by subregion","Population data from The World Bank","count","count","le_popn.csv","rgn_id",,,"year","count",,TRUE,0,1350695000,FALSE,,,,220
"LIV ECO","liveco_status","rn_liveco_status","Modeled livelihoods and economies status","Modeled livelihoods and economies status based on new approach","value","status score","liveco_status.csv","rgn_id",,"component",,"value",,TRUE,0.000405814248386596,1,TRUE,,,,220
"LIV ECO","liveco_trend","rn_liveco_trend","Modeled livelihoods and economies trend","Modeled livelihoods and economies trend based on new approach","value","trend score","liveco_trend.csv","rgn_id",,"component",,"value",,TRUE,-0.996860232587536,1,FALSE,,,,220
"LSP","lsp_prot_area_inland1km","rny_lsp_prot_area_inland1km","Coastal protected areas inland 1km","Coastal protected areas inland to 1km","area_km2","km^2","lsp_prot_area_inland1km.csv","rgn_id",,,"year","area_km2",,TRUE,0.87325077158,28756.1479081,FALSE,,,,220
"LSP","lsp_prot_area_offshore3nm","rny_lsp_prot_area_offshore3nm","Coastal marine protected areas offshore 3km","Coastal marine protected areas offshore to 3nm","area_km2","km^2","lsp_prot_area_offshore3nm.csv","rgn_id",,,"year","area_km2",,TRUE,0,56272.27972,FALSE,,,,220
"MAR","mar_coastalpopn_inland25mi","mar_coastalpopn_inland25mi","Coastal population inland 25 miles","Coastal population inland 25 miles by year (2005-2015)","popsum","people","mar_coastalpopn_inland25mi.csv","rgn_id",,,"year","popsum",,TRUE,0,222071000,FALSE,,,,220
"MAR","mar_harvest_species","mar_harvest_species","Mariculture species harvested","","species","species name","mar_harvest_species.csv",,,"species_code",,,"species",TRUE,,,,,,,220
"MAR","mar_harvest_tonnes","mar_harvest_tonnes","Mariculture harvest","Mariculture harvest by species and year","tonnes","tons","mar_harvest_tonnes.csv","rgn_id",,"species_code","year","tonnes",,TRUE,0,3756310,FALSE,,,,220
"MAR","mar_sustainability_score","mar_sustainability_score","Mariculture sustainability score","Mariculture sustainability score by species","sust_coeff","sustainability","mar_sustainability_score.csv","rgn_id",,"species",,"sust_coeff",,TRUE,0.1,1,TRUE,,,,220
"MAR","mar_trend_years","mar_trend_years","Mariculter years used for trend","","trend_yrs","year string","mar_trend_years.csv","rgn_id",,,,,"trend_yrs",TRUE,,,,,,,220
"NP","np_blast","","Areas of observed blast (dynamite) fishing","","score","pressure score","np_blast.csv","rgn_id",,,,"score",,TRUE,0.006865107932434,0.874460499155564,TRUE,,,,220
"NP","np_coral_reef","","Coral reef area (km2)","","area_km2","km^2","np_coral_reef.csv","rgn_id",,,,"area_km2",,TRUE,1.7465015431603,43772.5681762265,FALSE,,,,220
"NP","np_cyanide","","Areas of observed poison fishing","","score","pressure score","np_cyanide.csv","rgn_id",,,,"score",,TRUE,0.00565484574373731,0.495137734714806,TRUE,,,,220
"NP","np_harvest_product_weight","","Ratio of product peak harvest value (in 2010 USD) divided by sum of all product peak harvest values, per region","","weight","ratio","np_harvest_product_weight.csv","rgn_id",,"product",,"weight",,TRUE,0,1,TRUE,,,,220
"NP","np_harvest_tonnes","rnky_np_harvest_relative","Harvest yield of marine natural products","Yield in metric tonnes of six marine products (coral, fish oil, seaweed and plants, shells, sponges, ornamental fish)","tonnes","metric tonnes","np_harvest_tonnes.csv","rgn_id",,"product","year","tonnes",,TRUE,0,456448,FALSE,,,,220
"NP","np_harvest_usd","rnky_np_harvest_relative","Harvest value of marine natural products","Value in 2010 US dollars of six marine products (coral, fish oil, seaweed and plants, shells, sponges, ornamental fish)","usd","2010 USD","np_harvest_usd.csv","rgn_id",,"product","year","usd",,TRUE,0,416611,FALSE,,,,220
"NP","np_rocky_reef","","Rocky reef area (km2)","","area_km2","km^2","np_rocky_reef.csv","rgn_id",,,,"area_km2",,TRUE,0.873250771580148,228053.805252014,FALSE,,,,220
"pressures","cc_acid","cc_acid","Ocean acidification","Modeled distribution of the aragonite saturation state (AAS) of the ocean in pre-industrial (~1870) and modern times (2000-2009) from Halpern et al. 2008","pressure_score","pressure score","cc_acid.csv","rgn_id",,,,"pressure_score",,TRUE,0.0135662,0.974705,TRUE,,,,220
"pressures","cc_slr","cc_slr","Sea level rise","Modeled sea level rise after Halpern et al. 2008","pressure_score","pressure score","cc_slr.csv","rgn_id",,,,"pressure_score",,TRUE,0,0.909090909090909,TRUE,,,,220
"pressures","cc_sst","cc_sst","Sea surface temperature (SST) anomalies","Modeled sea level rise after Halpern et al. 2008","pressure_score","pressure score","cc_sst.csv","rgn_id",,,,"pressure_score",,TRUE,0.000868356084809759,0.268141155968632,TRUE,,,,220
"pressures","cc_uv","cc_uv","UV radiation","Modeled UV radiation after Halpern et al. 2008","pressure_score","pressure score","cc_uv.csv","rgn_id",,,,"pressure_score",,TRUE,0.503101833728511,0.909090909090909,TRUE,,,,220
"pressures","fp_art_hb","fp_art_hb","High bycatch caused by artisanal fishing ","The presence of destructive artisanal blast and poison (cyanide) fishing","pressures.score","pressure score","fp_art_hb.csv","rgn_id",,,,"pressures.score",,TRUE,1.295083288e-05,0.25366568914956,TRUE,,,,220
"pressures","fp_art_lb","fp_art_lb","Low bycatch caused by artisanal fishing ","Statistics of low bycatch artisanal fishing using non-destructive practices","pressure_score","pressure score","fp_art_lb.csv","rgn_id",,,,"pressure_score",,TRUE,0,0.909090909090909,TRUE,,,,220
"pressures","fp_com_hb","fp_com_hb","High bycatch caused by commercial fishing ","Statistics of destructive commercial fishing practices by 5 different gear types (developed in Halpern et al. 2008)","pressure_score","pressure score","fp_com_hb.csv","rgn_id",,,,"pressure_score",,TRUE,0,0.611092867611783,TRUE,,,,220
"pressures","fp_com_lb","fp_com_lb","Low bycatch caused by commercial fishing ","Statistics of least destructive commercial fishing practices by 2 different gear types (developed in Halpern et al. 2008)","pressure_score","pressure score","fp_com_lb.csv","rgn_id",,,,"pressure_score",,TRUE,0,0.719576375506496,TRUE,,,,220
"pressures","fp_targetharvest","fp_targetharvest","Targeted harvest of cetaceans and sea turtles","Targeted harvest of cetaceans and marine turtles, from Food and Agricultural Organization data","score","pressure score","fp_targetharvest.csv","rgn_id",,,,"score",,TRUE,0,0.892251019602684,TRUE,,,,220
"pressures","hd_intertidal","hd_intertidal","Coastal population density as a proxy for intertidal habitat destruction","Coastal population density within 10 km of the coast","pressure_score","pressure score","hd_intertidal.csv","rgn_id",,,,"pressure_score",,TRUE,0,0.553107,TRUE,,,,220
"pressures","hd_subtidal_hb","hd_subtidal_hb","High bycatch artisanal fishing practices as a proxy for subtidal hard bottom habitat destruction","The presence of destructive artisanal blast and poison (cyanide) fishing","value","pressure score","hd_subtidal_hb.csv","rgn_id",,,,"value",,TRUE,1.3e-05,0.253665689,TRUE,,,,220
"pressures","hd_subtidal_sb","hd_subtidal_sb","High bycatch commercial fishing practices as a proxy for subtidal soft bottom habitat destruction","Spatially distributed commercial catch data by fishing gear type, developed by Sea Around Us Project","pressures.score","pressure score","hd_subtidal_sb.csv","rgn_id",,,,"pressures.score",,TRUE,0,0.992856206,TRUE,,,,220
"pressures","po_chemicals_3nm","po_chemicals_3nm","Land-based chemical pollution","Land-based organic pollution at 1km2 resolution (as developed in Halpern et al. 2008)","pressure_score","pressure score","po_chemicals_3nm.csv","rgn_id",,,,"pressure_score",,TRUE,0,0.600329498836016,TRUE,,,,220
"pressures","po_nutrients_3nm","po_nutrients_3nm","Coastal nutrient pollution","Modeled coastal nutrient pollution based on Halpern et al. 2008","pressure_score","pressure score","po_nutrients_3nm.csv","rgn_id",,,,"pressure_score",,TRUE,0,0.346252,TRUE,,,,220
"pressures","sp_alien","sp_alien","Alien species","The number and type of invasive and harmful invasive species in each marine ecoregion","pressures.score","pressure score","sp_alien.csv","rgn_id",,,,"pressures.score",,TRUE,0,1,TRUE,,,,220
"pressures","sp_genetic","sp_genetic","Introduced species as a proxy for genetic escapes ","Statistics on native or introduced species from the Mariculture Sustainibility Index (MSI)","pressures.score","pressure score","sp_genetic.csv","rgn_id",,,,"pressures.score",,TRUE,0,1,TRUE,,,,220
"pressures","ss_wgi","ss_wgi","Weakness of governance indicated with the WGI","Inverse of World Governance Indicators (WGI) six combined scores","score","pressure score","ss_wgi.csv","rgn_id",,,,"score",,TRUE,0.13016778385065,0.965887072441514,TRUE,,,,220
"pressures CP","cp_habitat_extent_rank","rnk_cp_habitat_extent_rank","Habitat extent * rank, per Coastal Protection habitats","Habitat extent * habitat rank for Coastal Protection habitats: coral, mangrove offshore 1km, mangrove inland 1km, saltmarsh, seaice_shoreline and seagrass","extent_rank","rank","cp_habitat_extent_rank.csv","rgn_id",,"habitat",,"extent_rank",,TRUE,1.7465,3015240.885416,FALSE,,,,220
"pressures CS","cs_habitat_extent","rnk_cs_habitat_extent","Habitat extent * rank, per Carbon Storage habitats","Habitat extent * habitat rank for Carbon Storage habitats: mangrove, saltmarsh and seagrass","km2","km^2","cs_habitat_extent.csv","rgn_id",,"habitat",,"km2",,TRUE,0.82,39491,FALSE,,,,220
"pressures CW","po_chemicals","po_chemicals","Ocean-based chemical pollution","Ocean-based chemical pollution from commercial shipping traffic and ports and harbors","pressure_score","pressure score","po_chemicals.csv","rgn_id",,,,"pressure_score",,TRUE,0.000133069646970172,0.764782278905096,TRUE,,,,220
"pressures CW","po_nutrients","po_nutrients","Ocean nutrient pollution","Modeled ocean nutrient pollution based on Halpern et al. 2008","pressure_score","pressure score","po_nutrients.csv","rgn_id",,,,"pressure_score",,TRUE,0,0.347555,TRUE,,,,220
"pressures CW","po_pathogens","po_pathogens","Access to improved sanitation as a proxy for pathogen pollution","Percent of population with access to improved sanitation facilities ","pressure_score","pressure score","po_pathogens.csv","rgn_id",,,,"pressure_score",,TRUE,0,0.909090909090909,TRUE,,,,220
"pressures CW","po_trash","po_trash","Trash pollution","Density of trash from coastal land and sea","pressure_score","pressure score","po_trash.csv","rgn_id",,,,"pressure_score",,TRUE,0,0.909090909090909,TRUE,,,,220
"pressures HAB","hab_presence","rnk_hab_presence","Habitat presence","Modeled combined habitat presence","boolean","boolean","hab_presence.csv","rgn_id",,"habitat",,"boolean",,TRUE,1,1,TRUE,,,,220
"resilience","alien_species","alien_species","Alien species","The number and type of invasive and harmful invasive species in each marine ecoregion","resilience score","resilience score","alien_species.csv","rgn_id",,,,"resilience.score",,TRUE,0,1,TRUE,,,,220
"resilience","cites","cites","Resilience from commitment to CITES","Convention on International Trade in Endangered Species of Wild Fauna and Flora (CITES) signatories","resilience score","resilience score","cites.csv","rgn_id",,,,"resilience.score",,TRUE,0,1,TRUE,,,,220
"resilience","fishing_v1","fishing_v1","CBD survey: coastal fishing v1","Convention on Biological Diversity (CBD) Third National Survey questions in 2005","resilience score","resilience score","fishing_v1.csv","rgn_id",,,,"resilience.score",,TRUE,0.241538566918161,0.892453964007202,TRUE,,,,220
"resilience","fishing_v1_eez","fishing_v1_eez","CBD survey: ocean fishing v1","Convention on Biological Diversity (CBD) Third National Survey questions in 2005","resilience score","resilience score","fishing_v1_eez.csv","rgn_id",,,,"resilience.score",,TRUE,0.190061654351495,0.803602501344025,TRUE,,,,220
"resilience","fishing_v2_eez","fishing_v2_eez","CBD survey: ocean fishing v2","Convention on Biological Diversity (CBD) Third National Survey questions in 2005","resilience score","resilience score","fishing_v2_eez.csv","rgn_id",,,,"resilience.score",,TRUE,0.245046240763621,0.766252150695941,TRUE,,,,220
"resilience","fishing_v3","fishing_v3","CBD survey: coastal fishing v3","Convention on Biological Diversity (CBD) Third National Survey questions in 2005","resilience score","resilience score","fishing_v3.csv","rgn_id",,,,"resilience.score",,TRUE,0.245507455539828,0.901998500191288,TRUE,,,,220
"resilience","fishing_v3_eez","fishing_v3_eez","CBD survey: ocean fishing v3","Convention on Biological Diversity (CBD) Third National Survey questions in 2005","resilience score","resilience score","fishing_v3_eez.csv","rgn_id",,,,"resilience.score",,TRUE,0.194030542973161,0.812899771097748,TRUE,,,,220
"resilience","habitat","habitat","CBD survey: habitat","Convention on Biological Diversity (CBD) Third National Survey questions in 2005","resilience score","resilience score","habitat.csv","rgn_id",,,,"resilience.score",,TRUE,0.138087289287079,1,TRUE,,,,220
"resilience","habitat_combo","habitat_combo","CBD survey: coastal habitat","Convention on Biological Diversity (CBD) Third National Survey questions in 2005","resilience score","resilience score","habitat_combo.csv","rgn_id",,,,"resilience.score",,TRUE,0.123025268,0.99999775,TRUE,,,,220
"resilience","habitat_combo_eez","habitat_combo_eez","CBD survey: ocean habitat","Convention on Biological Diversity (CBD) Third National Survey questions in 2005","resilience score","resilience score","habitat_combo_eez.csv","rgn_id",,,,"resilience.score",,TRUE,0.086045814459742,0.943233237345455,TRUE,,,,220
"resilience","li_gci","li_gci","GCI: competitiveness in achieving sustained economic prosperity","Global Competitiveness Index (GCI) scores (score)","score","resilience score","li_gci.csv","rgn_id",,,,"score",,TRUE,0.321666667,0.76,TRUE,,,,220
"resilience","li_sector_evenness","li_sector_evenness","Sector evenness as a measure of economic diversity","Shannon's Diversity Index calculated sector evenness based on the total number of sectors and the proportion of jobs belonging to any sector","resilience score","resilience score","li_sector_evenness.csv","rgn_id",,,,"resilience.score",,TRUE,0,0.997518269205,TRUE,,,,220
"resilience","mariculture","mariculture","CBD survey: mariculture","Convention on Biological Diversity (CBD) Third National Survey questions in 2005","resilience score","resilience score","mariculture.csv","rgn_id",,,,"resilience.score",,TRUE,0.054428393263486,1,TRUE,,,,220
"resilience","msi_gov","msi_gov"," MSI sustainability and regulations","Mariculture practice assessment criteria from the Mariculture Sustainability Index (MSI)","resilience score","resilience score","msi_gov.csv","rgn_id",,,,"resilience.score",,TRUE,0.1,0.8576923077,TRUE,,,,220
"resilience","species_diversity","species_diversity","Ocean ecological integrity","Marine species diversity as a proxy for ecological integrity: ocean","score","resilience score","species_diversity.csv","rgn_id",,,,"score",,TRUE,0.743259450182977,0.930308754120408,TRUE,,,,220
"resilience","species_diversity_3nm","species_diversity_3nm","Coastal ecological integrity","Marine species diversity as a proxy for ecological integrity: coastal","score","resilience score","species_diversity_3nm.csv","rgn_id",,,,"score",,TRUE,0.752102387423915,0.943822818112876,TRUE,,,,220
"resilience","tourism","tourism","CBD survey: tourism","Convention on Biological Diversity (CBD) Third National Survey questions in 2005","resilience score","resilience score","tourism.csv","rgn_id",,,,"resilience.score",,TRUE,0,1,TRUE,,,,220
"resilience","water","water","CBD survey: water","Convention on Biological Diversity (CBD) Third National Survey questions in 2005","resilience score","resilience score","water.csv","rgn_id",,,,"resilience.score",,TRUE,0,1,TRUE,,,,220
"resilience","wgi_all","wgi_all","Strength of governance indicated with the WGI","World Governance Indicators (WGI) six combined scores","score","resilience score","wgi_all.csv","rgn_id",,,,"score",,TRUE,0.034112927558486,0.86983221614935,TRUE,,,,220
"spatial","cntry_georegions","cnk_cntry_georegions","Georegion ids per country, at 3 georegion levels","georegions per country, at 3 georegion levels","georgn_id","georegion id","cntry_georegions.csv",,"cntry_key","level",,"georgn_id",,TRUE,1,999,FALSE,,,,220
"spatial","cntry_rgn","cn_cntry_rgn","Regions per country","regions per country","rgn_id","region id","cntry_rgn.csv",,"cntry_key",,,"rgn_id",,TRUE,1,250,FALSE,,,,220
"spatial","rgn_area","rn_rgn_area","Region area of total EEZ ocean","region in water area","area_km2","km^2","rgn_area.csv","rgn_id",,,,"area_km2",,TRUE,9.46355858358,31057239.8303,FALSE,,,,220
"spatial","rgn_area_inland1km","rn_rgn_area_inland1km","Region area 1 km inland","inland area 1 km from shore","area_km2","km^2","rgn_area_inland1km.csv","rgn_id",,,,"area_km2",,TRUE,1.7465015431603,163643.701591034,FALSE,,,,220
"spatial","rgn_area_offshore3nm","rn_rgn_area_offshore3nm","Region area offshore 3nm","offshore area 3 nautical miles from shore","area_km2","km^2","rgn_area_offshore3nm.csv","rgn_id",,,,"area_km2",,TRUE,10.4790092589618,629255.77349294,FALSE,,,,220
"spatial","rgn_georegion_labels","rtk_rgn_georegion_labels","Georegion labels per region, at 3 georegion levels","georegions per region, at 3 georegion levels","label","label","rgn_georegion_labels.csv","rgn_id",,"level",,,"label",TRUE,,,,,,,220
"spatial","rgn_georegions","rnk_rgn_georegions","Georegion ids per region, at 3 georegion levels","georegions per region, at 3 georegion levels","georgn_id","georegion id","rgn_georegions.csv","rgn_id",,"level",,"georgn_id",,TRUE,1,999,FALSE,,,,220
"spatial","rgn_global","rnk_rgn_global","regions used in global analysis for Nature 2012, subset of regions_labels by type=eez and not deleted or disputed ","regions used in global analysis for Nature 2012, subset of regions_labels by type=eez and not deleted or disputed ","label","label","rgn_global.csv","rgn_id",,,,,"label",TRUE,,,,,,,220
"spatial","rgn_labels","rtk_rgn_labels","regions by type (eez, subocean, unclaimed) and label","regions by type (eez, subocean, unclaimed) and label","label","label","rgn_labels.csv","rgn_id",,"type",,,"label",TRUE,,,,,,,220
"SPP","spp_status","rn_spp_status","Species lists and IUCN threat categories as a proxy for iconic species status","International Union for Conservation of Nature (IUCN) Red List threat categories with aggregated species lists ","score","status score","spp_status.csv","rgn_id",,,,"score",,TRUE,0.743259450182977,0.930308754120408,TRUE,,,,220
"SPP","spp_trend","rn_spp_trend","Species lists and IUCN threat categories as a proxy for iconic species trend","International Union for Conservation of Nature (IUCN) Red List threat categories with aggregated species lists ","score","trend score","spp_trend.csv","rgn_id",,,,"score",,TRUE,-0.464904077028102,0.0977703458133595,FALSE,,,,220
"TR","tr_jobs_total","tr_jobs_total","Total labor force","","count","jobs","tr_jobs_total.csv","rgn_id",,,"year","count",,TRUE,32118.8494430398,791711771.342352,FALSE,,,,220
"TR","tr_jobs_tourism","tr_jobs_tourism","Direct employment in tourism","","count","jobs","tr_jobs_tourism.csv","rgn_id",,,"year","count",,TRUE,0,23676500,FALSE,,,,220
"TR","tr_sustainability","tr_sustainability","Sustainability index","Tourism Competitiveness Index (TTCI) from the World Economic Forum","score","score","tr_sustainability.csv","rgn_id",,,,"score",,TRUE,2.59,5.39,FALSE,,,,220
"TR","tr_unemployment","tr_unemployment","Percent unemployment","","percent","percent unemployed","tr_unemployment.csv","rgn_id",,,"year","percent",,TRUE,0.100000001490116,59.5,FALSE,,,,220
