"rgn_id","rgn_nam","year","pressure_score"
1,"Cocos Islands",2010,0
2,"Christmas Island",2010,0
3,"Norfolk Island",2010,0
4,"Macquarie Island",2010,0
5,"New Caledonia",2010,0
6,"Vanuatu",2010,0
7,"Solomon Islands",2010,0
8,"Palau",2010,0
9,"Micronesia",2010,0
10,"Nauru",2010,0
11,"Marshall Islands",2010,0
12,"Wake Island",2010,0
13,"Northern Mariana Islands and Guam",2010,0
14,"Taiwan",2010,0
15,"Philippines",2010,0
16,"Australia",2010,0
17,"Papua New Guinea",2010,0
18,"Fiji",2010,0
19,"Tuvalu",2010,0
20,"South Korea",2010,0
21,"North Korea",2010,0
24,"Cambodia",2010,0
25,"Thailand",2010,0
26,"Andaman and Nicobar",2010,0
28,"Comoro Islands",2010,0
29,"Mayotte",2010,0
30,"Glorioso Islands",2010,0
31,"Seychelles",2010,0
32,"Reunion",2010,0
33,"Juan de Nova Island",2010,0
34,"Bassas da India",2010,0
35,"Ile Europa",2010,0
36,"Ile Tromelin",2010,0
37,"Mauritius",2010,0
38,"British Indian Ocean Territory",2010,0
39,"Maldives",2010,0
40,"Sri Lanka",2010,0
41,"Mozambique",2010,0
42,"Madagascar",2010,0
43,"Kenya",2010,0
44,"Somalia",2010,0
45,"Eritrea",2010,0
46,"Djibouti",2010,0
47,"Yemen",2010,0
48,"Oman",2010,0
49,"Sudan",2010,0
50,"Saudi Arabia",2010,0
51,"Kuwait",2010,0
52,"Bahrain",2010,0
53,"Pakistan",2010,0
54,"United Arab Emirates",2010,0
55,"Azores",2010,0
56,"Cape Verde",2010,0
57,"Madeira",2010,0
58,"Canary Islands",2010,0
59,"Belgium",2010,0
60,"Gibraltar",2010,0
61,"Tunisia",2010,0
62,"Morocco",2010,0
63,"Western Sahara",2010,0
64,"Mauritania",2010,0
65,"Gambia",2010,0
66,"Senegal",2010,0
67,"Libya",2010,0
68,"Malta",2010,0
69,"Latvia",2010,0
70,"Estonia",2010,0
71,"Bulgaria",2010,0
72,"Romania",2010,0
73,"Russia",2010,0
74,"Georgia",2010,0
75,"Ukraine",2010,0
76,"Turkey",2010,0
77,"Syria",2010,0
78,"Lebanon",2010,0
79,"Israel",2010,0
80,"Greece",2010,0
81,"Cyprus",2010,0
82,"Albania",2010,0
84,"Algeria",2010,0
85,"Ascension",2010,0
86,"Saint Helena",2010,0
88,"Tristan da Cunha",2010,0
89,"South Georgia and the South Sandwich Islands",2010,0
90,"Prince Edward Islands",2010,0
91,"Crozet Islands",2010,0
92,"Amsterdam Island and Saint Paul Island",2010,0
93,"Kerguelen Islands",2010,0
94,"Heard and McDonald Islands",2010,0
95,"Falkland Islands",2010,0
96,"Sierra Leone",2010,0
97,"Liberia",2010,0
98,"Togo",2010,0
99,"Benin",2010,0
100,"Republique du Congo",2010,0
101,"Namibia",2010,0
102,"South Africa",2010,0
103,"Sao Tome and Principe",2010,0
104,"Equatorial Guinea",2010,0
105,"Bouvet Island",2010,0
106,"Ghana",2010,0
107,"Clipperton Island",2010,0
108,"Bermuda",2010,0
110,"Bahamas",2010,0
111,"Turks and Caicos Islands",2010,0
112,"Cuba",2010,0
113,"Cayman Islands",2010,0
114,"Haiti",2010,0
115,"Dominican Republic",2010,0
116,"Puerto Rico and Virgin Islands of the United States",2010,0
117,"British Virgin Islands",2010,0
118,"Anguilla",2010,0
119,"Saint Kitts and Nevis",2010,0
120,"Antigua and Barbuda",2010,0
121,"Montserrat",2010,0
122,"Saint Lucia",2010,0
123,"Dominica",2010,0
124,"Barbados",2010,0
125,"Grenada",2010,0
126,"Trinidad and Tobago",2010,0
127,"Saint Vincent and the Grenadines",2010,0
129,"Panama",2010,0
130,"Costa Rica",2010,0
131,"Nicaragua",2010,0
132,"Colombia",2010,0
133,"Honduras",2010,0
134,"El Salvador",2010,0
135,"Mexico",2010,0
136,"Guatemala",2010,0
137,"Ecuador",2010,0
138,"Peru",2010,0
139,"Venezuela",2010,0
140,"Guadeloupe and Martinique",2010,0
141,"Faeroe Islands",2010,0
143,"Iceland",2010,0
144,"Jan Mayen",2010,0
145,"Greenland",2010,0
146,"Pitcairn",2010,0
147,"French Polynesia",2010,0
148,"Line Group",2010,0
149,"Jarvis Island",2010,0
150,"Palmyra Atoll",2010,0
151,"American Samoa",2010,0
152,"Samoa",2010,0
153,"Cook Islands",2010,0
154,"Niue",2010,0
155,"Tonga",2010,0
156,"Tokelau",2010,0
157,"Phoenix Group",2010,0
158,"Howland Island and Baker Island",2010,0
159,"Johnston Atoll",2010,0
161,"Wallis and Futuna",2010,0
162,"New Zealand",2010,0
163,"United States",2010,0
164,"Belize",2010,0
166,"Jamaica",2010,0
167,"Guyana",2010,0
168,"Suriname",2010,0
169,"French Guiana",2010,0
171,"Brazil",2010,0
172,"Argentina",2010,0
173,"Uruguay",2010,0
174,"Finland",2010,0
175,"Denmark",2010,0
176,"Germany",2010,0
177,"Netherlands",2010,0
178,"Poland",2010,0
179,"France",2010,0
180,"United Kingdom",2010,0
181,"Ireland",2010,0
182,"Spain",2010,0
183,"Portugal",2010,0
184,"Italy",2010,0
185,"Monaco",2010,0
186,"Montenegro",2010,0
187,"Croatia",2010,0
188,"Slovenia",2010,0
189,"Lithuania",2010,0
190,"Qatar",2010,0
191,"Iran",2010,0
192,"Iraq",2010,0
193,"Guinea Bissau",2010,0
194,"Guinea",2010,0
195,"Ivory Coast",2010,0
196,"Nigeria",2010,0
197,"Cameroon",2010,0
198,"Gabon",2010,0
199,"Democratic Republic of the Congo",2010,0
200,"Angola",2010,0
202,"Tanzania",2010,0
203,"India",2010,0
204,"Bangladesh",2010,0
205,"Myanmar",2010,0
206,"Malaysia",2010,0
207,"Vietnam",2010,0
208,"Singapore",2010,0
209,"China",2010,0
210,"Japan",2010,0
212,"Kiribati",2010,0
214,"Egypt",2010,0
215,"Jordan",2010,NA
216,"Indonesia",2010,0
218,"Canada",2010,0
219,"Saint Pierre and Miquelon",2010,0
220,"Sint Maarten",2010,0
221,"Northern Saint-Martin",2010,0
222,"Sweden",2010,0
223,"Norway",2010,0
224,"Chile",2010,0
227,"Jersey",2010,0
228,"Guernsey",2010,0
231,"East Timor",2010,0
232,"Bosnia and Herzegovina",2010,0
237,"Oecussi Ambeno",2010,0
244,"Curacao",2010,0
245,"Bonaire",2010,0
247,"Brunei",2010,0
248,"Saba",2010,0
249,"Sint Eustatius",2010,0
250,"Aruba",2010,0
1,"Cocos Islands",2011,0.0275030214834686
2,"Christmas Island",2011,0.0286459854020556
3,"Norfolk Island",2011,0.0147123498678661
4,"Macquarie Island",2011,0.0533660556465513
5,"New Caledonia",2011,0.0180639721754014
6,"Vanuatu",2011,0.0543754922545123
7,"Solomon Islands",2011,0.08169024747468
8,"Palau",2011,0.0539948341854313
9,"Micronesia",2011,0.0889941098231633
10,"Nauru",2011,0.0588021042495991
11,"Marshall Islands",2011,0.013392863007549
12,"Wake Island",2011,0.000373031640757973
13,"Northern Mariana Islands and Guam",2011,0.0216149032040916
14,"Taiwan",2011,0.0490769080856633
15,"Philippines",2011,0.0976493632360211
16,"Australia",2011,0.0255147034022062
17,"Papua New Guinea",2011,0.145894027339638
18,"Fiji",2011,0.0381137561169319
19,"Tuvalu",2011,0.00212745785571388
20,"South Korea",2011,0.00240500600446772
21,"North Korea",2011,0.00867427667686779
24,"Cambodia",2011,0.0722081517653318
25,"Thailand",2011,0.0448816537197451
26,"Andaman and Nicobar",2011,0.0240144031474144
28,"Comoro Islands",2011,0.024934539341604
29,"Mayotte",2011,2.14613133486327e-05
30,"Glorioso Islands",2011,0.0191955629301137
31,"Seychelles",2011,0.0318406842286529
32,"Reunion",2011,0.00310329508541612
33,"Juan de Nova Island",2011,0
34,"Bassas da India",2011,0
35,"Ile Europa",2011,0
36,"Ile Tromelin",2011,0.0333120162105585
37,"Mauritius",2011,0.0374322580384875
38,"British Indian Ocean Territory",2011,0.012323796668451
39,"Maldives",2011,0.00227416997236561
40,"Sri Lanka",2011,0.00372058163338311
41,"Mozambique",2011,0.00649508753893662
42,"Madagascar",2011,0.0127934078843841
43,"Kenya",2011,0.0380994595836577
44,"Somalia",2011,0.00728175255975907
45,"Eritrea",2011,0
46,"Djibouti",2011,0
47,"Yemen",2011,0
48,"Oman",2011,0.0074630032221001
49,"Sudan",2011,0.0105322472366559
50,"Saudi Arabia",2011,0.0071103935283205
51,"Kuwait",2011,0.00703494597811277
52,"Bahrain",2011,0
53,"Pakistan",2011,2.89847598158379e-05
54,"United Arab Emirates",2011,0
55,"Azores",2011,0.00154823551344167
56,"Cape Verde",2011,0.144299390180728
57,"Madeira",2011,0.00130924325570603
58,"Canary Islands",2011,0.0272430957516696
59,"Belgium",2011,0
60,"Gibraltar",2011,0
61,"Tunisia",2011,0.00633888863593237
62,"Morocco",2011,0.0037837432592987
63,"Western Sahara",2011,0.0817402229110047
64,"Mauritania",2011,0.107511563209481
65,"Gambia",2011,0.0331366385782758
66,"Senegal",2011,0.075226619628137
67,"Libya",2011,0.0731131550373057
68,"Malta",2011,0.021091986272319
69,"Latvia",2011,0
70,"Estonia",2011,0
71,"Bulgaria",2011,0.0676558983371316
72,"Romania",2011,0.0946301544054395
73,"Russia",2011,0.0110381901593361
74,"Georgia",2011,0.016635366334083
75,"Ukraine",2011,0.0380338701854956
76,"Turkey",2011,0.021871472920393
77,"Syria",2011,0
78,"Lebanon",2011,0.0280185661659349
79,"Israel",2011,0.0589892076737795
80,"Greece",2011,0.0503171474655641
81,"Cyprus",2011,0.0313487626642496
82,"Albania",2011,0
84,"Algeria",2011,0.000933219726163785
85,"Ascension",2011,0.0617709435874899
86,"Saint Helena",2011,0.0577477986362916
88,"Tristan da Cunha",2011,0.0540929002934467
89,"South Georgia and the South Sandwich Islands",2011,0.00323456946591056
90,"Prince Edward Islands",2011,0.0598779599612175
91,"Crozet Islands",2011,0.0406315078802687
92,"Amsterdam Island and Saint Paul Island",2011,0.0943983570537462
93,"Kerguelen Islands",2011,0.0360152023197171
94,"Heard and McDonald Islands",2011,0.0628937481268023
95,"Falkland Islands",2011,0.0246537749288465
96,"Sierra Leone",2011,0.0178477487412388
97,"Liberia",2011,6.21095313456515e-05
98,"Togo",2011,0.010512133789665
99,"Benin",2011,0.0160194640360132
100,"Republique du Congo",2011,0
101,"Namibia",2011,0.0352408214642
102,"South Africa",2011,0.0585687847161215
103,"Sao Tome and Principe",2011,0.0264446315089169
104,"Equatorial Guinea",2011,0.0277359224642127
105,"Bouvet Island",2011,0.0184638606748592
106,"Ghana",2011,0.00622831142165915
107,"Clipperton Island",2011,0.0499554175493298
108,"Bermuda",2011,0.0534521348249514
110,"Bahamas",2011,0.0348548348737162
111,"Turks and Caicos Islands",2011,0.013383777979611
112,"Cuba",2011,0.0316707661061046
113,"Cayman Islands",2011,0.0433597564877956
114,"Haiti",2011,0.0373715592095557
115,"Dominican Republic",2011,0.0439571827668073
116,"Puerto Rico and Virgin Islands of the United States",2011,0.0260926337430454
117,"British Virgin Islands",2011,0.0010590037796571
118,"Anguilla",2011,0.00411829574658178
119,"Saint Kitts and Nevis",2011,0.00197129268857996
120,"Antigua and Barbuda",2011,0.0379329396166042
121,"Montserrat",2011,0.0151442526689376
122,"Saint Lucia",2011,0.103082533340662
123,"Dominica",2011,0.0600276495557405
124,"Barbados",2011,0.094757774131853
125,"Grenada",2011,0.0655387654079013
126,"Trinidad and Tobago",2011,0.0814963611930816
127,"Saint Vincent and the Grenadines",2011,0.0479754003316424
129,"Panama",2011,0.0170776810559845
130,"Costa Rica",2011,0.0118207068299487
131,"Nicaragua",2011,0.0524870234499912
132,"Colombia",2011,0.013541393580315
133,"Honduras",2011,0.0377008701116611
134,"El Salvador",2011,0.0231438521613254
135,"Mexico",2011,0.031589633007239
136,"Guatemala",2011,0.0602510835828327
137,"Ecuador",2011,0.0161602180414768
138,"Peru",2011,0.0677946942652432
139,"Venezuela",2011,0.0251290358971517
140,"Guadeloupe and Martinique",2011,0.0532489998961061
141,"Faeroe Islands",2011,0.0109149774229054
143,"Iceland",2011,0.0174478999108937
144,"Jan Mayen",2011,0.0022389931115057
145,"Greenland",2011,0.0138534854814078
146,"Pitcairn",2011,0.0448684405836423
147,"French Polynesia",2011,0.0258699534374483
148,"Line Group",2011,0.0331140614489717
149,"Jarvis Island",2011,5.75519902743205e-05
150,"Palmyra Atoll",2011,0.00388294086001019
151,"American Samoa",2011,0.0763273561391848
152,"Samoa",2011,0.0857170980306618
153,"Cook Islands",2011,0.0289087616428641
154,"Niue",2011,0.0354852531126838
155,"Tonga",2011,0.0255091152339458
156,"Tokelau",2011,0.00824313944562245
157,"Phoenix Group",2011,0
158,"Howland Island and Baker Island",2011,0
159,"Johnston Atoll",2011,0.00130875191122577
161,"Wallis and Futuna",2011,0.0316253541221845
162,"New Zealand",2011,0.0594216995919894
163,"United States",2011,0.0207114147954131
164,"Belize",2011,0.0424027279243643
166,"Jamaica",2011,0.0376077243496372
167,"Guyana",2011,0.0171451110038402
168,"Suriname",2011,0.0281022931047212
169,"French Guiana",2011,0.0225616638593217
171,"Brazil",2011,0.0144687145091066
172,"Argentina",2011,0.0321009150483894
173,"Uruguay",2011,0.0489461176221754
174,"Finland",2011,0.000869492497669901
175,"Denmark",2011,0
176,"Germany",2011,0
177,"Netherlands",2011,0
178,"Poland",2011,0
179,"France",2011,8.54367308324543e-06
180,"United Kingdom",2011,0.0249174089924286
181,"Ireland",2011,0.0540805445156692
182,"Spain",2011,0.00178584029411494
183,"Portugal",2011,0
184,"Italy",2011,0.00277195670220691
185,"Monaco",2011,0
186,"Montenegro",2011,0
187,"Croatia",2011,0
188,"Slovenia",2011,0
189,"Lithuania",2011,0
190,"Qatar",2011,0
191,"Iran",2011,1.103961959865e-05
192,"Iraq",2011,0.0192403976825692
193,"Guinea Bissau",2011,0.0113827251102229
194,"Guinea",2011,0.0398244023650911
195,"Ivory Coast",2011,0.0192061401774146
196,"Nigeria",2011,0.0534497137647806
197,"Cameroon",2011,0.0111800580963384
198,"Gabon",2011,0.00990787595394407
199,"Democratic Republic of the Congo",2011,0.00530100098688848
200,"Angola",2011,0.0644754044142927
202,"Tanzania",2011,0.03810917959952
203,"India",2011,0.00221493061638723
204,"Bangladesh",2011,0
205,"Myanmar",2011,0.0305464777839011
206,"Malaysia",2011,0.0893167271810624
207,"Vietnam",2011,0.0605883472260449
208,"Singapore",2011,0.0665975416050535
209,"China",2011,0.0118262207234261
210,"Japan",2011,0.0271941926074541
212,"Kiribati",2011,0.0125043307925625
214,"Egypt",2011,0.0822305784674726
215,"Jordan",2011,NA
216,"Indonesia",2011,0.0340542571117174
218,"Canada",2011,0.019383306717281
219,"Saint Pierre and Miquelon",2011,0
220,"Sint Maarten",2011,0.0142771167875473
221,"Northern Saint-Martin",2011,0.0132007946043429
222,"Sweden",2011,0
223,"Norway",2011,0.0167893876441883
224,"Chile",2011,0.0325838933979275
227,"Jersey",2011,0
228,"Guernsey",2011,0
231,"East Timor",2011,0
232,"Bosnia and Herzegovina",2011,0
237,"Oecussi Ambeno",2011,0.0211213693493378
244,"Curacao",2011,0.0058052551607025
245,"Bonaire",2011,0.00114057021264769
247,"Brunei",2011,0.160468549821664
248,"Saba",2011,0.00208554064682272
249,"Sint Eustatius",2011,0.00065141200936061
250,"Aruba",2011,0.00937875934168594
1,"Cocos Islands",2012,2.67973219266742e-05
2,"Christmas Island",2012,1.20931931366539e-05
3,"Norfolk Island",2012,0
4,"Macquarie Island",2012,0.0996516770824458
5,"New Caledonia",2012,0
6,"Vanuatu",2012,0.000996055053508526
7,"Solomon Islands",2012,0.130262953615675
8,"Palau",2012,0.0523730675377823
9,"Micronesia",2012,0.095442289703622
10,"Nauru",2012,0.153630852769721
11,"Marshall Islands",2012,0.0244884544465697
12,"Wake Island",2012,0.0296243848716956
13,"Northern Mariana Islands and Guam",2012,0.0214249781919172
14,"Taiwan",2012,0.0611911310426608
15,"Philippines",2012,0.0944004416145996
16,"Australia",2012,0.00800907635111708
17,"Papua New Guinea",2012,0.209906846625062
18,"Fiji",2012,0.00297718930364366
19,"Tuvalu",2012,0.0766727599521425
20,"South Korea",2012,0.00415886091211415
21,"North Korea",2012,0.0260585603469452
24,"Cambodia",2012,0.0860227966336854
25,"Thailand",2012,0.0210366577823341
26,"Andaman and Nicobar",2012,0.0385353335775085
28,"Comoro Islands",2012,0.00365694515051083
29,"Mayotte",2012,0
30,"Glorioso Islands",2012,0
31,"Seychelles",2012,0.0335674108113757
32,"Reunion",2012,0
33,"Juan de Nova Island",2012,0
34,"Bassas da India",2012,0
35,"Ile Europa",2012,0
36,"Ile Tromelin",2012,0
37,"Mauritius",2012,0.0157423361593569
38,"British Indian Ocean Territory",2012,0.0152959515167851
39,"Maldives",2012,0.0511979938431278
40,"Sri Lanka",2012,0.0293701465544487
41,"Mozambique",2012,1.29719779102228e-05
42,"Madagascar",2012,0
43,"Kenya",2012,0.0789062820326218
44,"Somalia",2012,0.0156572995920422
45,"Eritrea",2012,0
46,"Djibouti",2012,0
47,"Yemen",2012,0.000293487665618993
48,"Oman",2012,0.00326089444049645
49,"Sudan",2012,0.0169981899067632
50,"Saudi Arabia",2012,0.0230804681288502
51,"Kuwait",2012,0.0416249837985474
52,"Bahrain",2012,0
53,"Pakistan",2012,0.004812475195436
54,"United Arab Emirates",2012,0.00546491026586371
55,"Azores",2012,0.0853061718840849
56,"Cape Verde",2012,0.0987631536379876
57,"Madeira",2012,0.0383017272824044
58,"Canary Islands",2012,0.00234645457784529
59,"Belgium",2012,0.111484436214553
60,"Gibraltar",2012,0.084788667718379
61,"Tunisia",2012,0.145776974073935
62,"Morocco",2012,0.00971268801189026
63,"Western Sahara",2012,0.0297553143770775
64,"Mauritania",2012,0.131659325072871
65,"Gambia",2012,0.00082608419732178
66,"Senegal",2012,0.06077037969691
67,"Libya",2012,0.143671531222245
68,"Malta",2012,0.0898310274710871
69,"Latvia",2012,0
70,"Estonia",2012,0
71,"Bulgaria",2012,0.263235981630464
72,"Romania",2012,0.283795363790623
73,"Russia",2012,0.176645020518204
74,"Georgia",2012,0.0234398136663592
75,"Ukraine",2012,0.147898253841034
76,"Turkey",2012,0.0848068768994639
77,"Syria",2012,0
78,"Lebanon",2012,0.0125300334563453
79,"Israel",2012,0.0176547400156701
80,"Greece",2012,0.125102402964297
81,"Cyprus",2012,0.0559850977962508
82,"Albania",2012,0.00816221272229109
84,"Algeria",2012,0.0850021121685954
85,"Ascension",2012,0.0857305409588961
86,"Saint Helena",2012,0.0111217658894951
88,"Tristan da Cunha",2012,0.0237689969502151
89,"South Georgia and the South Sandwich Islands",2012,0.0187610864226251
90,"Prince Edward Islands",2012,0.176165077575972
91,"Crozet Islands",2012,0.105598006451442
92,"Amsterdam Island and Saint Paul Island",2012,0.0633112439164774
93,"Kerguelen Islands",2012,0.0660905061798133
94,"Heard and McDonald Islands",2012,0.110113273888963
95,"Falkland Islands",2012,0.0707064762111595
96,"Sierra Leone",2012,0.0768616229310917
97,"Liberia",2012,0.110150991611215
98,"Togo",2012,0.112713151015853
99,"Benin",2012,0.107663724080266
100,"Republique du Congo",2012,0.0305602060310784
101,"Namibia",2012,0.000331152208482802
102,"South Africa",2012,0.00772677468278882
103,"Sao Tome and Principe",2012,0.19529090428132
104,"Equatorial Guinea",2012,0.0923889055414286
105,"Bouvet Island",2012,0.00863341848626734
106,"Ghana",2012,0.0560021670349355
107,"Clipperton Island",2012,0.0654497640070731
108,"Bermuda",2012,0.171669760586079
110,"Bahamas",2012,0.0732244903882551
111,"Turks and Caicos Islands",2012,0.0264830408685547
112,"Cuba",2012,0.0130976671196476
113,"Cayman Islands",2012,0.00275764143276369
114,"Haiti",2012,0.0217714591287417
115,"Dominican Republic",2012,0.011418340891263
116,"Puerto Rico and Virgin Islands of the United States",2012,0.00347035698241088
117,"British Virgin Islands",2012,0
118,"Anguilla",2012,0
119,"Saint Kitts and Nevis",2012,0.0026247722158233
120,"Antigua and Barbuda",2012,0.025106394632502
121,"Montserrat",2012,0.0281615075072064
122,"Saint Lucia",2012,0.054497089684395
123,"Dominica",2012,0.0229814202828868
124,"Barbados",2012,0.10467055569814
125,"Grenada",2012,0.0843772990392027
126,"Trinidad and Tobago",2012,0.0935157915708441
127,"Saint Vincent and the Grenadines",2012,0.0432365396113805
129,"Panama",2012,0.0677207508796045
130,"Costa Rica",2012,0.0121702707239809
131,"Nicaragua",2012,0.0640357452385199
132,"Colombia",2012,0.0366603334850967
133,"Honduras",2012,0.0387465375709881
134,"El Salvador",2012,9.79488361961542e-07
135,"Mexico",2012,0.0319271179496065
136,"Guatemala",2012,0.0447746435232015
137,"Ecuador",2012,0.0472914211285273
138,"Peru",2012,0.0330765470040527
139,"Venezuela",2012,0.0250099954879646
140,"Guadeloupe and Martinique",2012,0.0181835831133885
141,"Faeroe Islands",2012,0.0793695752622669
143,"Iceland",2012,0.0413764297534725
144,"Jan Mayen",2012,0.025474110035919
145,"Greenland",2012,0.0640908315434773
146,"Pitcairn",2012,0.00543730639517138
147,"French Polynesia",2012,0.00886824646824082
148,"Line Group",2012,0.00931499404704786
149,"Jarvis Island",2012,0.000101913772032035
150,"Palmyra Atoll",2012,0.0150452753998286
151,"American Samoa",2012,0.00715840736787952
152,"Samoa",2012,0.000509123367616132
153,"Cook Islands",2012,0.00147807111504086
154,"Niue",2012,0
155,"Tonga",2012,0
156,"Tokelau",2012,0.0127630435398179
157,"Phoenix Group",2012,0.000220942285986579
158,"Howland Island and Baker Island",2012,9.47000201398875e-07
159,"Johnston Atoll",2012,0.003378715387616
161,"Wallis and Futuna",2012,0.0061393861682086
162,"New Zealand",2012,0.0540042452721059
163,"United States",2012,0.097329355302918
164,"Belize",2012,0.0334442441174797
166,"Jamaica",2012,0.0339070408019295
167,"Guyana",2012,0.069846603166018
168,"Suriname",2012,0.127662492793063
169,"French Guiana",2012,0.132155019479805
171,"Brazil",2012,0.0156911355760839
172,"Argentina",2012,0.0862700809711601
173,"Uruguay",2012,0.0294407463060612
174,"Finland",2012,0.00116116419178868
175,"Denmark",2012,3.91011460672383e-05
176,"Germany",2012,0.0106616553041133
177,"Netherlands",2012,0.0621175355567551
178,"Poland",2012,0
179,"France",2012,0.0698702812346653
180,"United Kingdom",2012,0.109434041128003
181,"Ireland",2012,0.102471416304862
182,"Spain",2012,0.0976612574084565
183,"Portugal",2012,0.0582520864308347
184,"Italy",2012,0.0884448366194871
185,"Monaco",2012,0.192071291296359
186,"Montenegro",2012,0.0230068787463138
187,"Croatia",2012,0.123082469510903
188,"Slovenia",2012,0.15519755164109
189,"Lithuania",2012,0
190,"Qatar",2012,0
191,"Iran",2012,0.016974066603605
192,"Iraq",2012,0.104282251278771
193,"Guinea Bissau",2012,0.0217528658108674
194,"Guinea",2012,0.108638781827064
195,"Ivory Coast",2012,0.13666248872058
196,"Nigeria",2012,0.155128436137088
197,"Cameroon",2012,0.0106726000066699
198,"Gabon",2012,0.103133676133666
199,"Democratic Republic of the Congo",2012,0
200,"Angola",2012,0.00201244361907133
202,"Tanzania",2012,0.0252971674679393
203,"India",2012,0.00467007913012048
204,"Bangladesh",2012,0
205,"Myanmar",2012,0.00425704425712296
206,"Malaysia",2012,0.14095706297811
207,"Vietnam",2012,0.0714077233093029
208,"Singapore",2012,0.225812563108964
209,"China",2012,0.0168778471561781
210,"Japan",2012,0.0712772326140829
212,"Kiribati",2012,0.0342892883348425
214,"Egypt",2012,0.128522217613258
215,"Jordan",2012,NA
216,"Indonesia",2012,0.0432134450216871
218,"Canada",2012,0.0795136506401569
219,"Saint Pierre and Miquelon",2012,0.0248189375849284
220,"Sint Maarten",2012,0
221,"Northern Saint-Martin",2012,0
222,"Sweden",2012,0.00110422743628693
223,"Norway",2012,0.100443214752112
224,"Chile",2012,0.0397455737334615
227,"Jersey",2012,0
228,"Guernsey",2012,0.00911089845759267
231,"East Timor",2012,0
232,"Bosnia and Herzegovina",2012,0.0571470245192557
237,"Oecussi Ambeno",2012,0
244,"Curacao",2012,0.00944297453809299
245,"Bonaire",2012,0.0219146350571394
247,"Brunei",2012,0.234688302749125
248,"Saba",2012,0
249,"Sint Eustatius",2012,0
250,"Aruba",2012,0
1,"Cocos Islands",2013,0.00381576406402019
2,"Christmas Island",2013,5.0989533959507e-05
3,"Norfolk Island",2013,0
4,"Macquarie Island",2013,0.127424798430588
5,"New Caledonia",2013,0
6,"Vanuatu",2013,0
7,"Solomon Islands",2013,0.14901708440305
8,"Palau",2013,0.00934977284253196
9,"Micronesia",2013,0.0798788229673564
10,"Nauru",2013,0.0486726349894584
11,"Marshall Islands",2013,0.037284401731776
12,"Wake Island",2013,0.0225846486929033
13,"Northern Mariana Islands and Guam",2013,0.00347894825747373
14,"Taiwan",2013,0.0222321152229437
15,"Philippines",2013,0.0491696977053476
16,"Australia",2013,0.0135268223983249
17,"Papua New Guinea",2013,0.200123346361765
18,"Fiji",2013,0.00818819644727406
19,"Tuvalu",2013,0.0968701469927575
20,"South Korea",2013,0.0296365038207878
21,"North Korea",2013,0.0345825590744716
24,"Cambodia",2013,0.0268422412742493
25,"Thailand",2013,0.0280710482032
26,"Andaman and Nicobar",2013,0.0483998053251999
28,"Comoro Islands",2013,0
29,"Mayotte",2013,0
30,"Glorioso Islands",2013,0
31,"Seychelles",2013,0.00560264069235307
32,"Reunion",2013,0
33,"Juan de Nova Island",2013,0
34,"Bassas da India",2013,0
35,"Ile Europa",2013,0
36,"Ile Tromelin",2013,0
37,"Mauritius",2013,0.00882996631601854
38,"British Indian Ocean Territory",2013,0.00221101619516842
39,"Maldives",2013,0.0179754406892586
40,"Sri Lanka",2013,0.0164988490347279
41,"Mozambique",2013,0
42,"Madagascar",2013,0
43,"Kenya",2013,0
44,"Somalia",2013,0
45,"Eritrea",2013,0
46,"Djibouti",2013,0
47,"Yemen",2013,4.04788725478795e-05
48,"Oman",2013,0.00393501952885116
49,"Sudan",2013,0.0129109118372053
50,"Saudi Arabia",2013,0.0040945791099163
51,"Kuwait",2013,0
52,"Bahrain",2013,0
53,"Pakistan",2013,0
54,"United Arab Emirates",2013,0
55,"Azores",2013,0.177754802558462
56,"Cape Verde",2013,0.0789714333029401
57,"Madeira",2013,0.202272042604862
58,"Canary Islands",2013,0.0547724918203043
59,"Belgium",2013,0.220923712040179
60,"Gibraltar",2013,0.241390278496259
61,"Tunisia",2013,0.216273836099814
62,"Morocco",2013,0.102042989429921
63,"Western Sahara",2013,0.0145666324815745
64,"Mauritania",2013,0.193536766656057
65,"Gambia",2013,0
66,"Senegal",2013,0.0524488264064523
67,"Libya",2013,0.173113910114728
68,"Malta",2013,0.196879394227223
69,"Latvia",2013,0
70,"Estonia",2013,0
71,"Bulgaria",2013,0.367064794683147
72,"Romania",2013,0.357291956853558
73,"Russia",2013,0.233028625025303
74,"Georgia",2013,0.112597372396395
75,"Ukraine",2013,0.24752737691289
76,"Turkey",2013,0.157537378733775
77,"Syria",2013,0.0101886047955911
78,"Lebanon",2013,0.0696499681435507
79,"Israel",2013,0.0692249325835123
80,"Greece",2013,0.189970305423992
81,"Cyprus",2013,0.0450822121478047
82,"Albania",2013,0.180730802106229
84,"Algeria",2013,0.247825544499973
85,"Ascension",2013,0.0186958285605165
86,"Saint Helena",2013,0.00754700413733381
88,"Tristan da Cunha",2013,0.036643011071358
89,"South Georgia and the South Sandwich Islands",2013,0.0382394588499684
90,"Prince Edward Islands",2013,0.187223368998131
91,"Crozet Islands",2013,0.118260654142709
92,"Amsterdam Island and Saint Paul Island",2013,0.0516083033442144
93,"Kerguelen Islands",2013,0.0538810481244364
94,"Heard and McDonald Islands",2013,0.148325805505843
95,"Falkland Islands",2013,0.103594393011
96,"Sierra Leone",2013,0.0799746439904908
97,"Liberia",2013,0.022727971163631
98,"Togo",2013,0.129856096300137
99,"Benin",2013,0.138658777682716
100,"Republique du Congo",2013,0.00643894787630571
101,"Namibia",2013,0.000126827342968766
102,"South Africa",2013,0.00471906270774859
103,"Sao Tome and Principe",2013,0.136732115393098
104,"Equatorial Guinea",2013,0.0379027284694236
105,"Bouvet Island",2013,0.0295803273072329
106,"Ghana",2013,0.0191679183841497
107,"Clipperton Island",2013,0.0861073624439418
108,"Bermuda",2013,0.28724313389058
110,"Bahamas",2013,0.0846627316960793
111,"Turks and Caicos Islands",2013,0.015360502363769
112,"Cuba",2013,0.0347495652449561
113,"Cayman Islands",2013,0.0190206044725411
114,"Haiti",2013,0.0371467568295269
115,"Dominican Republic",2013,0.0256769205507743
116,"Puerto Rico and Virgin Islands of the United States",2013,0.00211319339280177
117,"British Virgin Islands",2013,0.00667333792789904
118,"Anguilla",2013,0.00348656545039978
119,"Saint Kitts and Nevis",2013,0
120,"Antigua and Barbuda",2013,0.0038757499563718
121,"Montserrat",2013,0
122,"Saint Lucia",2013,0.0373922640555871
123,"Dominica",2013,0.0439748919642932
124,"Barbados",2013,0.0565695473146674
125,"Grenada",2013,0.0325068434615112
126,"Trinidad and Tobago",2013,0.0304994253398051
127,"Saint Vincent and the Grenadines",2013,0.00848572805521888
129,"Panama",2013,0.0895732595322038
130,"Costa Rica",2013,0.00425240427893354
131,"Nicaragua",2013,0.0740928687214179
132,"Colombia",2013,0.0340944677355091
133,"Honduras",2013,0.0708992354715241
134,"El Salvador",2013,0.00716104065626403
135,"Mexico",2013,0.0695697010358877
136,"Guatemala",2013,0.119350115434084
137,"Ecuador",2013,0.0833898290052454
138,"Peru",2013,0.107483328937566
139,"Venezuela",2013,0.0183278035438175
140,"Guadeloupe and Martinique",2013,0.0211806495453374
141,"Faeroe Islands",2013,0.257577563379139
143,"Iceland",2013,0.216091260118168
144,"Jan Mayen",2013,0.16434973820698
145,"Greenland",2013,0.152205209872121
146,"Pitcairn",2013,0.0066678508560499
147,"French Polynesia",2013,0.00998216983995006
148,"Line Group",2013,0.0118348115862396
149,"Jarvis Island",2013,9.64716615741028e-05
150,"Palmyra Atoll",2013,0.0511804143373758
151,"American Samoa",2013,0.0148341170683299
152,"Samoa",2013,0.0154630488073341
153,"Cook Islands",2013,0.00234014097598746
154,"Niue",2013,0
155,"Tonga",2013,3.7432947468145e-06
156,"Tokelau",2013,0.0234345737443257
157,"Phoenix Group",2013,0.00151734360596447
158,"Howland Island and Baker Island",2013,0.0026572213090031
159,"Johnston Atoll",2013,0.000297282304878985
161,"Wallis and Futuna",2013,0.0276284518044794
162,"New Zealand",2013,0.081687413090524
163,"United States",2013,0.127942744132526
164,"Belize",2013,0.0594841895807453
166,"Jamaica",2013,0.0675565065402106
167,"Guyana",2013,0.062734698020706
168,"Suriname",2013,0.12428980218237
169,"French Guiana",2013,0.118419624168238
171,"Brazil",2013,0.0136315752519808
172,"Argentina",2013,0.0976098518165126
173,"Uruguay",2013,0.0441099734583508
174,"Finland",2013,0.00202977723593103
175,"Denmark",2013,0.00653380261630634
176,"Germany",2013,0.0332512946058369
177,"Netherlands",2013,0.15462242364232
178,"Poland",2013,0
179,"France",2013,0.141707162024995
180,"United Kingdom",2013,0.237764136591704
181,"Ireland",2013,0.162654991306694
182,"Spain",2013,0.222165342588883
183,"Portugal",2013,0.133284166716965
184,"Italy",2013,0.264076976952953
185,"Monaco",2013,0.344736824042677
186,"Montenegro",2013,0.279618259772907
187,"Croatia",2013,0.387253954021171
188,"Slovenia",2013,0.39909999066548
189,"Lithuania",2013,0
190,"Qatar",2013,0
191,"Iran",2013,0
192,"Iraq",2013,0
193,"Guinea Bissau",2013,0.0235801277451906
194,"Guinea",2013,0.102521586218723
195,"Ivory Coast",2013,0.0531582189042518
196,"Nigeria",2013,0.108441889760296
197,"Cameroon",2013,0.00234186295297919
198,"Gabon",2013,0.0433277557044981
199,"Democratic Republic of the Congo",2013,0
200,"Angola",2013,0.00141049588237318
202,"Tanzania",2013,0
203,"India",2013,0.00128334888646616
204,"Bangladesh",2013,0
205,"Myanmar",2013,0.000267662111070729
206,"Malaysia",2013,0.124131396550929
207,"Vietnam",2013,0.0611222303789936
208,"Singapore",2013,0.278390845626933
209,"China",2013,0.0140694268026538
210,"Japan",2013,0.0512650704334488
212,"Kiribati",2013,0.0158497620193775
214,"Egypt",2013,0.100594542368876
215,"Jordan",2013,NA
216,"Indonesia",2013,0.0367624681673294
218,"Canada",2013,0.160308752546419
219,"Saint Pierre and Miquelon",2013,0.101469219249148
220,"Sint Maarten",2013,0
221,"Northern Saint-Martin",2013,0
222,"Sweden",2013,0.00640903953062048
223,"Norway",2013,0.141030503173465
224,"Chile",2013,0.0724572377114217
227,"Jersey",2013,0
228,"Guernsey",2013,0
231,"East Timor",2013,0
232,"Bosnia and Herzegovina",2013,0.327557323633655
237,"Oecussi Ambeno",2013,0
244,"Curacao",2013,0
245,"Bonaire",2013,0
247,"Brunei",2013,0.186817788297793
248,"Saba",2013,0
249,"Sint Eustatius",2013,0
250,"Aruba",2013,0
1,"Cocos Islands",2014,0
2,"Christmas Island",2014,0
3,"Norfolk Island",2014,0.00343102342935998
4,"Macquarie Island",2014,0.185982981948892
5,"New Caledonia",2014,0.000294716399135928
6,"Vanuatu",2014,0.000250592393947732
7,"Solomon Islands",2014,0.131718426049485
8,"Palau",2014,0.00681456973172505
9,"Micronesia",2014,0.0766352834924476
10,"Nauru",2014,0.0176577074919434
11,"Marshall Islands",2014,0.039189793783105
12,"Wake Island",2014,0.0183253842617363
13,"Northern Mariana Islands and Guam",2014,0.0116531346727864
14,"Taiwan",2014,0.00605527085570169
15,"Philippines",2014,0.0255744720924566
16,"Australia",2014,0.0197129595338392
17,"Papua New Guinea",2014,0.132838794326232
18,"Fiji",2014,0.00793171583767285
19,"Tuvalu",2014,0.0824366982167958
20,"South Korea",2014,0.121576739837229
21,"North Korea",2014,0.000628957256621037
24,"Cambodia",2014,0.00634828323143877
25,"Thailand",2014,0.0273214606323621
26,"Andaman and Nicobar",2014,0.0349529224984451
28,"Comoro Islands",2014,0
29,"Mayotte",2014,0
30,"Glorioso Islands",2014,0
31,"Seychelles",2014,0.00509192492445325
32,"Reunion",2014,0
33,"Juan de Nova Island",2014,0
34,"Bassas da India",2014,0
35,"Ile Europa",2014,0
36,"Ile Tromelin",2014,0.00123880118658
37,"Mauritius",2014,0.0227302347010877
38,"British Indian Ocean Territory",2014,0.00449664933029628
39,"Maldives",2014,0.00630071369465352
40,"Sri Lanka",2014,0.0102211380494672
41,"Mozambique",2014,0
42,"Madagascar",2014,0.000669391017304395
43,"Kenya",2014,0
44,"Somalia",2014,0
45,"Eritrea",2014,0
46,"Djibouti",2014,0
47,"Yemen",2014,0.000162140632493107
48,"Oman",2014,0.00494848710590011
49,"Sudan",2014,0.0169796660406019
50,"Saudi Arabia",2014,0.00383026355767798
51,"Kuwait",2014,0
52,"Bahrain",2014,0
53,"Pakistan",2014,3.04436013403802e-05
54,"United Arab Emirates",2014,0
55,"Azores",2014,0.053468860450189
56,"Cape Verde",2014,0.214473371681232
57,"Madeira",2014,0.204492955476212
58,"Canary Islands",2014,0.114006552950604
59,"Belgium",2014,0.193310897943629
60,"Gibraltar",2014,0.201823508927127
61,"Tunisia",2014,0.125031187832994
62,"Morocco",2014,0.130125068009192
63,"Western Sahara",2014,0.0604049786624233
64,"Mauritania",2014,0.301133351569926
65,"Gambia",2014,0.0530856962535662
66,"Senegal",2014,0.141620940368694
67,"Libya",2014,0.228552328254674
68,"Malta",2014,0.222256962972553
69,"Latvia",2014,0
70,"Estonia",2014,0
71,"Bulgaria",2014,0.213297363847853
72,"Romania",2014,0.250927842523314
73,"Russia",2014,0.198225368766346
74,"Georgia",2014,0.14285091183374
75,"Ukraine",2014,0.172026053999499
76,"Turkey",2014,0.106825509522175
77,"Syria",2014,0.00405836719164893
78,"Lebanon",2014,0.0255232024072887
79,"Israel",2014,0.0624232946719618
80,"Greece",2014,0.181457305197633
81,"Cyprus",2014,0.0646991998575438
82,"Albania",2014,0.0782231686941127
84,"Algeria",2014,0.125988426315841
85,"Ascension",2014,0.000476789078251606
86,"Saint Helena",2014,0.00179448238418453
88,"Tristan da Cunha",2014,0.0486503543897756
89,"South Georgia and the South Sandwich Islands",2014,0.0223478740037128
90,"Prince Edward Islands",2014,0.14195457000776
91,"Crozet Islands",2014,0.148677486357394
92,"Amsterdam Island and Saint Paul Island",2014,0.0250434587335745
93,"Kerguelen Islands",2014,0.105538238154585
94,"Heard and McDonald Islands",2014,0.159585802860835
95,"Falkland Islands",2014,0.0949705627145148
96,"Sierra Leone",2014,0.103143307374793
97,"Liberia",2014,0.0181104782569871
98,"Togo",2014,0.138940576422405
99,"Benin",2014,0.15192507971577
100,"Republique du Congo",2014,0.00334683403385154
101,"Namibia",2014,0.000141475288575705
102,"South Africa",2014,0.0108270361513904
103,"Sao Tome and Principe",2014,0.139382259210304
104,"Equatorial Guinea",2014,0.0230677236031546
105,"Bouvet Island",2014,0.0223800497664375
106,"Ghana",2014,0.0185692484158689
107,"Clipperton Island",2014,0.04517330156881
108,"Bermuda",2014,0.242819939911575
110,"Bahamas",2014,0.105873293651614
111,"Turks and Caicos Islands",2014,0.0181342623667018
112,"Cuba",2014,0.0459464305675883
113,"Cayman Islands",2014,0.0622241242277585
114,"Haiti",2014,0.147548611114355
115,"Dominican Republic",2014,0.14452478187601
116,"Puerto Rico and Virgin Islands of the United States",2014,0.0690530037970552
117,"British Virgin Islands",2014,0.0167908501868352
118,"Anguilla",2014,0.00583594131974613
119,"Saint Kitts and Nevis",2014,0.0431756165034773
120,"Antigua and Barbuda",2014,0.0250749340925284
121,"Montserrat",2014,0.112566980893155
122,"Saint Lucia",2014,0.179746080978215
123,"Dominica",2014,0.218759196602476
124,"Barbados",2014,0.213929284204545
125,"Grenada",2014,0.094341016132533
126,"Trinidad and Tobago",2014,0.0843341714399707
127,"Saint Vincent and the Grenadines",2014,0.0931654755510841
129,"Panama",2014,0.114883506373
130,"Costa Rica",2014,0.0137205346064474
131,"Nicaragua",2014,0.177728107699834
132,"Colombia",2014,0.0813291587213357
133,"Honduras",2014,0.143687918580848
134,"El Salvador",2014,0.0416408646362548
135,"Mexico",2014,0.0571575980381175
136,"Guatemala",2014,0.261886536787284
137,"Ecuador",2014,0.0643384010465394
138,"Peru",2014,0.0945125032836334
139,"Venezuela",2014,0.0824739618429012
140,"Guadeloupe and Martinique",2014,0.14475514504395
141,"Faeroe Islands",2014,0.204455535554631
143,"Iceland",2014,0.153370105064206
144,"Jan Mayen",2014,0.0682314437117357
145,"Greenland",2014,0.11830888937906
146,"Pitcairn",2014,0.0115730300702298
147,"French Polynesia",2014,0.0141664670079678
148,"Line Group",2014,0.0141114922088196
149,"Jarvis Island",2014,9.64716615741028e-05
150,"Palmyra Atoll",2014,0.07653435124455
151,"American Samoa",2014,0.0053342422921161
152,"Samoa",2014,0.00536464051737321
153,"Cook Islands",2014,0.0107148952523602
154,"Niue",2014,0
155,"Tonga",2014,0
156,"Tokelau",2014,0.00426829212686259
157,"Phoenix Group",2014,0.000173626970565633
158,"Howland Island and Baker Island",2014,0.000168919912279345
159,"Johnston Atoll",2014,0.00367267200445207
161,"Wallis and Futuna",2014,0.0148654205150908
162,"New Zealand",2014,0.0827515861504964
163,"United States",2014,0.159540852008367
164,"Belize",2014,0.0226272142343164
166,"Jamaica",2014,0.187477076039559
167,"Guyana",2014,0.0966940692316589
168,"Suriname",2014,0.162993256229133
169,"French Guiana",2014,0.154913564905544
171,"Brazil",2014,0.0209762255812867
172,"Argentina",2014,0.0434191099211079
173,"Uruguay",2014,0.0834260830273665
174,"Finland",2014,0.00745822270934954
175,"Denmark",2014,0.0218956524787092
176,"Germany",2014,0.0450137637673963
177,"Netherlands",2014,0.154692506823621
178,"Poland",2014,0
179,"France",2014,0.0726255015048789
180,"United Kingdom",2014,0.223334688482638
181,"Ireland",2014,0.178376977240018
182,"Spain",2014,0.151966580687744
183,"Portugal",2014,0.0966750298040327
184,"Italy",2014,0.16526226386505
185,"Monaco",2014,0.189025616864354
186,"Montenegro",2014,0.153768981739888
187,"Croatia",2014,0.275798629869544
188,"Slovenia",2014,0.292682926829268
189,"Lithuania",2014,0
190,"Qatar",2014,0
191,"Iran",2014,0
192,"Iraq",2014,0
193,"Guinea Bissau",2014,0.0806803182781879
194,"Guinea",2014,0.153895636304928
195,"Ivory Coast",2014,0.0193235956821948
196,"Nigeria",2014,0.0784529736976598
197,"Cameroon",2014,0
198,"Gabon",2014,0.0137063271209886
199,"Democratic Republic of the Congo",2014,0
200,"Angola",2014,0.00176175383901129
202,"Tanzania",2014,0
203,"India",2014,0.00113879927943664
204,"Bangladesh",2014,0
205,"Myanmar",2014,0
206,"Malaysia",2014,0.103110473498162
207,"Vietnam",2014,0.0231609186947129
208,"Singapore",2014,0.278390845626933
209,"China",2014,0.0332730086494231
210,"Japan",2014,0.0834456308186328
212,"Kiribati",2014,0.0082626707356116
214,"Egypt",2014,0.144885509796795
215,"Jordan",2014,NA
216,"Indonesia",2014,0.0334863488088903
218,"Canada",2014,0.146277851481646
219,"Saint Pierre and Miquelon",2014,0.2307253909418
220,"Sint Maarten",2014,0.0209576348719628
221,"Northern Saint-Martin",2014,0.00479396130691367
222,"Sweden",2014,0.0111929382774637
223,"Norway",2014,0.158098848119819
224,"Chile",2014,0.0466187853990185
227,"Jersey",2014,0
228,"Guernsey",2014,0
231,"East Timor",2014,0
232,"Bosnia and Herzegovina",2014,0.206414891342225
237,"Oecussi Ambeno",2014,0
244,"Curacao",2014,0.0251958437613304
245,"Bonaire",2014,0.0400346440488934
247,"Brunei",2014,0.111185486155932
248,"Saba",2014,0.0892092961534482
249,"Sint Eustatius",2014,0.0619313237844725
250,"Aruba",2014,0.0458540170220962
1,"Cocos Islands",2015,0
2,"Christmas Island",2015,0
3,"Norfolk Island",2015,0
4,"Macquarie Island",2015,0.133772533672893
5,"New Caledonia",2015,0.00104675246655862
6,"Vanuatu",2015,0
7,"Solomon Islands",2015,0.0989015994119099
8,"Palau",2015,0.00147241007871803
9,"Micronesia",2015,0.0701222693072789
10,"Nauru",2015,0.0165966266553073
11,"Marshall Islands",2015,0.0147112370341815
12,"Wake Island",2015,0.00857097180278707
13,"Northern Mariana Islands and Guam",2015,0.000130086446882099
14,"Taiwan",2015,0.00665129901382877
15,"Philippines",2015,0.0113816878663482
16,"Australia",2015,0.0160862478689739
17,"Papua New Guinea",2015,0.0877363839184045
18,"Fiji",2015,0.00317018204984702
19,"Tuvalu",2015,0.0598604965710048
20,"South Korea",2015,0.0699002471973408
21,"North Korea",2015,0.00657370206787001
24,"Cambodia",2015,0
25,"Thailand",2015,0.00237022700399252
26,"Andaman and Nicobar",2015,0.00971124060368601
28,"Comoro Islands",2015,0
29,"Mayotte",2015,0
30,"Glorioso Islands",2015,0
31,"Seychelles",2015,0.000426456530559224
32,"Reunion",2015,0
33,"Juan de Nova Island",2015,0
34,"Bassas da India",2015,0
35,"Ile Europa",2015,0
36,"Ile Tromelin",2015,0
37,"Mauritius",2015,0.00939192075701533
38,"British Indian Ocean Territory",2015,0.00223063343260586
39,"Maldives",2015,0.000184661761927181
40,"Sri Lanka",2015,0
41,"Mozambique",2015,0
42,"Madagascar",2015,0
43,"Kenya",2015,0
44,"Somalia",2015,0
45,"Eritrea",2015,0
46,"Djibouti",2015,0
47,"Yemen",2015,0
48,"Oman",2015,0.000690497008731304
49,"Sudan",2015,0.00104567946902718
50,"Saudi Arabia",2015,0.000710227015092052
51,"Kuwait",2015,0
52,"Bahrain",2015,0
53,"Pakistan",2015,0
54,"United Arab Emirates",2015,0
55,"Azores",2015,0.0637149857772283
56,"Cape Verde",2015,0.13955151471755
57,"Madeira",2015,0.112888523402561
58,"Canary Islands",2015,0.0534718393132211
59,"Belgium",2015,0.21427880347313
60,"Gibraltar",2015,0.106110809457907
61,"Tunisia",2015,0.108601228708177
62,"Morocco",2015,0.109391563210546
63,"Western Sahara",2015,0.0156507588999621
64,"Mauritania",2015,0.23837885016572
65,"Gambia",2015,0.0289752527336114
66,"Senegal",2015,0.112308238923257
67,"Libya",2015,0.333133183561362
68,"Malta",2015,0.301648805923854
69,"Latvia",2015,0.00216919483885751
70,"Estonia",2015,0.00968285291026065
71,"Bulgaria",2015,0.194955682870721
72,"Romania",2015,0.232627702408829
73,"Russia",2015,0.201552333587434
74,"Georgia",2015,0.203020275459663
75,"Ukraine",2015,0.232429174514088
76,"Turkey",2015,0.1369246537704
77,"Syria",2015,0.00722154254113048
78,"Lebanon",2015,0.0266986353136495
79,"Israel",2015,0.0761673955433183
80,"Greece",2015,0.277725299905279
81,"Cyprus",2015,0.0408682667251806
82,"Albania",2015,0.0886688371509584
84,"Algeria",2015,0.0620239105477966
85,"Ascension",2015,0
86,"Saint Helena",2015,0.000932962496665565
88,"Tristan da Cunha",2015,0.0163457552882161
89,"South Georgia and the South Sandwich Islands",2015,0.0588415915706628
90,"Prince Edward Islands",2015,0.142804306047632
91,"Crozet Islands",2015,0.179913775863697
92,"Amsterdam Island and Saint Paul Island",2015,0.0212092867615035
93,"Kerguelen Islands",2015,0.0795183312157236
94,"Heard and McDonald Islands",2015,0.129917093608882
95,"Falkland Islands",2015,0.112577536534372
96,"Sierra Leone",2015,0.000654228206945273
97,"Liberia",2015,0
98,"Togo",2015,0.003851553654738
99,"Benin",2015,0.00716887859741013
100,"Republique du Congo",2015,0.00139493447221775
101,"Namibia",2015,0
102,"South Africa",2015,0.037656798438491
103,"Sao Tome and Principe",2015,0.0209815499570791
104,"Equatorial Guinea",2015,0.00231081986615225
105,"Bouvet Island",2015,0.0462961581656822
106,"Ghana",2015,7.28213642667675e-05
107,"Clipperton Island",2015,0.0134560537363493
108,"Bermuda",2015,0.135373664770466
110,"Bahamas",2015,0.0390349812943078
111,"Turks and Caicos Islands",2015,0.00660610854365569
112,"Cuba",2015,0.0079980683447847
113,"Cayman Islands",2015,0.0268512495742552
114,"Haiti",2015,0.053818926491594
115,"Dominican Republic",2015,0.0828337723401821
116,"Puerto Rico and Virgin Islands of the United States",2015,0.017926602015056
117,"British Virgin Islands",2015,0.0120941641496329
118,"Anguilla",2015,0.0058244897598785
119,"Saint Kitts and Nevis",2015,0.00741449974045535
120,"Antigua and Barbuda",2015,0.000927691395357555
121,"Montserrat",2015,0.0514025747221886
122,"Saint Lucia",2015,0.0284426528489579
123,"Dominica",2015,0.100774424012326
124,"Barbados",2015,0.0674493945545361
125,"Grenada",2015,0.018843764549961
126,"Trinidad and Tobago",2015,0.0330660982557279
127,"Saint Vincent and the Grenadines",2015,0.00789768902283969
129,"Panama",2015,0.0632793964563113
130,"Costa Rica",2015,0.00479373092487578
131,"Nicaragua",2015,0.140611864314532
132,"Colombia",2015,0.0462153892470816
133,"Honduras",2015,0.070409998521302
134,"El Salvador",2015,0
135,"Mexico",2015,0.0215900850784399
136,"Guatemala",2015,0.0191656885752627
137,"Ecuador",2015,0.0344862568432025
138,"Peru",2015,0.103993500696441
139,"Venezuela",2015,0.0170376676344849
140,"Guadeloupe and Martinique",2015,0.0438878328588277
141,"Faeroe Islands",2015,0.114724660371754
143,"Iceland",2015,0.112549965356189
144,"Jan Mayen",2015,0.0871368157206423
145,"Greenland",2015,0.115514965743083
146,"Pitcairn",2015,0.00508628972640713
147,"French Polynesia",2015,0.00569225580655476
148,"Line Group",2015,0.000728408692070962
149,"Jarvis Island",2015,0
150,"Palmyra Atoll",2015,0.00201741611724654
151,"American Samoa",2015,0
152,"Samoa",2015,0
153,"Cook Islands",2015,0.0112482136370603
154,"Niue",2015,0
155,"Tonga",2015,0
156,"Tokelau",2015,0
157,"Phoenix Group",2015,0
158,"Howland Island and Baker Island",2015,5.08076856033379e-05
159,"Johnston Atoll",2015,0
161,"Wallis and Futuna",2015,0.00273877099016971
162,"New Zealand",2015,0.0747513075640326
163,"United States",2015,0.167120431992232
164,"Belize",2015,0.0038368304018472
166,"Jamaica",2015,0.068176617445508
167,"Guyana",2015,0.001914596405182
168,"Suriname",2015,0.00818593267076915
169,"French Guiana",2015,0.0310241093381311
171,"Brazil",2015,0.00238438605409655
172,"Argentina",2015,0.0369863933999654
173,"Uruguay",2015,0.0196139699861035
174,"Finland",2015,0.0266354173499902
175,"Denmark",2015,0.0286287994474735
176,"Germany",2015,0.0606873306885339
177,"Netherlands",2015,0.134901208756798
178,"Poland",2015,0
179,"France",2015,0.0653160303678777
180,"United Kingdom",2015,0.155134782324535
181,"Ireland",2015,0.1717081291769
182,"Spain",2015,0.120369725534967
183,"Portugal",2015,0.0461135334081422
184,"Italy",2015,0.168396585665572
185,"Monaco",2015,0.19114617573035
186,"Montenegro",2015,0.16950242975938
187,"Croatia",2015,0.313913294446943
188,"Slovenia",2015,0.319251191508635
189,"Lithuania",2015,0
190,"Qatar",2015,0
191,"Iran",2015,0
192,"Iraq",2015,0
193,"Guinea Bissau",2015,0.0660262942932578
194,"Guinea",2015,0.0533241149256238
195,"Ivory Coast",2015,0
196,"Nigeria",2015,0.011967104029257
197,"Cameroon",2015,0
198,"Gabon",2015,0.00141905810491927
199,"Democratic Republic of the Congo",2015,0
200,"Angola",2015,0
202,"Tanzania",2015,0
203,"India",2015,0
204,"Bangladesh",2015,0
205,"Myanmar",2015,0
206,"Malaysia",2015,0.0528477836505932
207,"Vietnam",2015,0.00272273868803528
208,"Singapore",2015,0.268125446450731
209,"China",2015,0.0131879010378721
210,"Japan",2015,0.0772171341009877
212,"Kiribati",2015,0.00417092334478691
214,"Egypt",2015,0.136565154536508
215,"Jordan",2015,NA
216,"Indonesia",2015,0.0167458319533873
218,"Canada",2015,0.159979140059462
219,"Saint Pierre and Miquelon",2015,0.304265891152516
220,"Sint Maarten",2015,0.00436540440827328
221,"Northern Saint-Martin",2015,0.000148576407008763
222,"Sweden",2015,0.0225853308897225
223,"Norway",2015,0.156570935749838
224,"Chile",2015,0.0338174430412411
227,"Jersey",2015,0
228,"Guernsey",2015,0
231,"East Timor",2015,0
232,"Bosnia and Herzegovina",2015,0.256504208113909
237,"Oecussi Ambeno",2015,0
244,"Curacao",2015,0
245,"Bonaire",2015,0
247,"Brunei",2015,0.0458302797568209
248,"Saba",2015,0.018284183013113
249,"Sint Eustatius",2015,0.0122298985827345
250,"Aruba",2015,0
1,"Cocos Islands",2016,0
2,"Christmas Island",2016,0.00156588475526284
3,"Norfolk Island",2016,0.0017009870478077
4,"Macquarie Island",2016,0.153443590401782
5,"New Caledonia",2016,0.00764576800440394
6,"Vanuatu",2016,0.0108213177883479
7,"Solomon Islands",2016,0.0585983099833676
8,"Palau",2016,0.00758172087810591
9,"Micronesia",2016,0.0338594425601377
10,"Nauru",2016,0.00391846600674058
11,"Marshall Islands",2016,0.00902159388185955
12,"Wake Island",2016,0.00150404442231273
13,"Northern Mariana Islands and Guam",2016,0.00183065480429674
14,"Taiwan",2016,0.00236760487773149
15,"Philippines",2016,0.000827886033870924
16,"Australia",2016,0.019608090495363
17,"Papua New Guinea",2016,0.0487127457624217
18,"Fiji",2016,0.0193254703715774
19,"Tuvalu",2016,0.0308830593238467
20,"South Korea",2016,0.0964319140655813
21,"North Korea",2016,0.079335847801325
24,"Cambodia",2016,0
25,"Thailand",2016,0.000246213112541669
26,"Andaman and Nicobar",2016,0.00340131876470971
28,"Comoro Islands",2016,0
29,"Mayotte",2016,0
30,"Glorioso Islands",2016,0
31,"Seychelles",2016,0
32,"Reunion",2016,0
33,"Juan de Nova Island",2016,0
34,"Bassas da India",2016,0
35,"Ile Europa",2016,0
36,"Ile Tromelin",2016,0
37,"Mauritius",2016,0.000245664059990914
38,"British Indian Ocean Territory",2016,0
39,"Maldives",2016,0
40,"Sri Lanka",2016,0
41,"Mozambique",2016,0.000279497867643585
42,"Madagascar",2016,0.000170870877506743
43,"Kenya",2016,0
44,"Somalia",2016,0
45,"Eritrea",2016,0
46,"Djibouti",2016,0
47,"Yemen",2016,0
48,"Oman",2016,0
49,"Sudan",2016,0
50,"Saudi Arabia",2016,0
51,"Kuwait",2016,0
52,"Bahrain",2016,0
53,"Pakistan",2016,0
54,"United Arab Emirates",2016,0
55,"Azores",2016,0.131016295165618
56,"Cape Verde",2016,0.00826336852080439
57,"Madeira",2016,0.203500683185269
58,"Canary Islands",2016,0.0308486894100007
59,"Belgium",2016,0.275137359672706
60,"Gibraltar",2016,0.300721027160252
61,"Tunisia",2016,0.121232260742323
62,"Morocco",2016,0.162286613447386
63,"Western Sahara",2016,0
64,"Mauritania",2016,0.0405377369319655
65,"Gambia",2016,0
66,"Senegal",2016,0.0170336230822725
67,"Libya",2016,0.211559630490063
68,"Malta",2016,0.294145501847818
69,"Latvia",2016,0.0869621802822476
70,"Estonia",2016,0.112925373996177
71,"Bulgaria",2016,0.229935992986386
72,"Romania",2016,0.254224932144736
73,"Russia",2016,0.265973722285422
74,"Georgia",2016,0.222680643829242
75,"Ukraine",2016,0.33337089418919
76,"Turkey",2016,0.189395622783918
77,"Syria",2016,0.000895191842167384
78,"Lebanon",2016,8.5771421867897e-06
79,"Israel",2016,0
80,"Greece",2016,0.284035934599518
81,"Cyprus",2016,0.0183483490449521
82,"Albania",2016,0.283039237966299
84,"Algeria",2016,0.267351923286804
85,"Ascension",2016,0
86,"Saint Helena",2016,0.000640336924353031
88,"Tristan da Cunha",2016,0.0444033119964667
89,"South Georgia and the South Sandwich Islands",2016,0.0967809714303831
90,"Prince Edward Islands",2016,0.204391848597731
91,"Crozet Islands",2016,0.243867416779348
92,"Amsterdam Island and Saint Paul Island",2016,0.0443065539563765
93,"Kerguelen Islands",2016,0.184028089110713
94,"Heard and McDonald Islands",2016,0.155850807322768
95,"Falkland Islands",2016,0.0843901434023481
96,"Sierra Leone",2016,0.000993406955493985
97,"Liberia",2016,0
98,"Togo",2016,0
99,"Benin",2016,0
100,"Republique du Congo",2016,0
101,"Namibia",2016,0
102,"South Africa",2016,0.0212167223659037
103,"Sao Tome and Principe",2016,0
104,"Equatorial Guinea",2016,0
105,"Bouvet Island",2016,0.0524978243828361
106,"Ghana",2016,0
107,"Clipperton Island",2016,0
108,"Bermuda",2016,0.130997980582557
110,"Bahamas",2016,0.0217525831255261
111,"Turks and Caicos Islands",2016,0.00235248065849282
112,"Cuba",2016,0.00639891406892342
113,"Cayman Islands",2016,0.013739377847796
114,"Haiti",2016,0.0159118755448188
115,"Dominican Republic",2016,0.0509349269544023
116,"Puerto Rico and Virgin Islands of the United States",2016,0.0012747456768476
117,"British Virgin Islands",2016,0.0133850928874756
118,"Anguilla",2016,0.00699320233983067
119,"Saint Kitts and Nevis",2016,0
120,"Antigua and Barbuda",2016,0
121,"Montserrat",2016,0
122,"Saint Lucia",2016,0
123,"Dominica",2016,0.00861607540019835
124,"Barbados",2016,0
125,"Grenada",2016,0
126,"Trinidad and Tobago",2016,0
127,"Saint Vincent and the Grenadines",2016,0
129,"Panama",2016,0.0624590871204494
130,"Costa Rica",2016,0.00622919415828035
131,"Nicaragua",2016,0.0934051284271167
132,"Colombia",2016,0.0444931374990049
133,"Honduras",2016,0.045581387997922
134,"El Salvador",2016,0
135,"Mexico",2016,0.0151382281225697
136,"Guatemala",2016,0
137,"Ecuador",2016,0.0365362954515597
138,"Peru",2016,0.0555611778837802
139,"Venezuela",2016,0
140,"Guadeloupe and Martinique",2016,0.00139738508181937
141,"Faeroe Islands",2016,0.0545787759207397
143,"Iceland",2016,0.0379869134525324
144,"Jan Mayen",2016,0.0857567202036932
145,"Greenland",2016,0.0761164654500166
146,"Pitcairn",2016,0.0061766543557385
147,"French Polynesia",2016,0.00854565138326841
148,"Line Group",2016,0.00153192469255123
149,"Jarvis Island",2016,0
150,"Palmyra Atoll",2016,0.0391729928352416
151,"American Samoa",2016,0
152,"Samoa",2016,0
153,"Cook Islands",2016,0.0246456248019858
154,"Niue",2016,0.0179593601308819
155,"Tonga",2016,0.00563317598774219
156,"Tokelau",2016,0
157,"Phoenix Group",2016,0
158,"Howland Island and Baker Island",2016,0
159,"Johnston Atoll",2016,0
161,"Wallis and Futuna",2016,0.00215927184717763
162,"New Zealand",2016,0.0668517674136934
163,"United States",2016,0.199591222800263
164,"Belize",2016,0.00518724820988854
166,"Jamaica",2016,0.0492846717627585
167,"Guyana",2016,0
168,"Suriname",2016,0
169,"French Guiana",2016,1.83332396494497e-05
171,"Brazil",2016,0.0022827691601987
172,"Argentina",2016,0.0473036600283176
173,"Uruguay",2016,0.0417902034842577
174,"Finland",2016,0.0961629547326802
175,"Denmark",2016,0.0460769625862138
176,"Germany",2016,0.0909981718307616
177,"Netherlands",2016,0.211098462529544
178,"Poland",2016,0
179,"France",2016,0.163263891240432
180,"United Kingdom",2016,0.114921410394634
181,"Ireland",2016,0.0549527409319047
182,"Spain",2016,0.233089553667936
183,"Portugal",2016,0.124818892251898
184,"Italy",2016,0.310226863917366
185,"Monaco",2016,0.435978715811898
186,"Montenegro",2016,0.352042640985973
187,"Croatia",2016,0.514636221979847
188,"Slovenia",2016,0.569831697982553
189,"Lithuania",2016,0
190,"Qatar",2016,0
191,"Iran",2016,0
192,"Iraq",2016,0
193,"Guinea Bissau",2016,0.0068464179988274
194,"Guinea",2016,0.000494234685750416
195,"Ivory Coast",2016,0
196,"Nigeria",2016,0
197,"Cameroon",2016,0
198,"Gabon",2016,0
199,"Democratic Republic of the Congo",2016,0
200,"Angola",2016,0
202,"Tanzania",2016,0
203,"India",2016,2.28480363166955e-05
204,"Bangladesh",2016,0
205,"Myanmar",2016,0
206,"Malaysia",2016,0.00326558365368196
207,"Vietnam",2016,0.000224652338412762
208,"Singapore",2016,0.188654346756401
209,"China",2016,0.012742272098989
210,"Japan",2016,0.0959525355471723
212,"Kiribati",2016,0.000320894684993441
214,"Egypt",2016,0.0311975161560492
215,"Jordan",2016,NA
216,"Indonesia",2016,0.00689005162986445
218,"Canada",2016,0.152745642177417
219,"Saint Pierre and Miquelon",2016,0.341819957114127
220,"Sint Maarten",2016,0
221,"Northern Saint-Martin",2016,0
222,"Sweden",2016,0.0585779488636665
223,"Norway",2016,0.178099918773627
224,"Chile",2016,0.0512553782620373
227,"Jersey",2016,0
228,"Guernsey",2016,0
231,"East Timor",2016,0
232,"Bosnia and Herzegovina",2016,0.472089916335442
237,"Oecussi Ambeno",2016,0
244,"Curacao",2016,0
245,"Bonaire",2016,0
247,"Brunei",2016,0
248,"Saba",2016,0
249,"Sint Eustatius",2016,0
250,"Aruba",2016,0
1,"Cocos Islands",2017,0.0580846617369717
2,"Christmas Island",2017,0.0377514130817632
3,"Norfolk Island",2017,0.353185780162503
4,"Macquarie Island",2017,0.59500415642193
5,"New Caledonia",2017,0.457830062800518
6,"Vanuatu",2017,0.53070322228934
7,"Solomon Islands",2017,0.257290915366387
8,"Palau",2017,0.0798595799625602
9,"Micronesia",2017,0.11169919094031
10,"Nauru",2017,0.000352728330612791
11,"Marshall Islands",2017,0.0421011876705303
12,"Wake Island",2017,0.0265247278321578
13,"Northern Mariana Islands and Guam",2017,0.00493742048951421
14,"Taiwan",2017,0.00641293527696728
15,"Philippines",2017,0.0143444145749329
16,"Australia",2017,0.363587862736831
17,"Papua New Guinea",2017,0.159998389924624
18,"Fiji",2017,0.373404889091048
19,"Tuvalu",2017,0.0414504974219332
20,"South Korea",2017,0.101682804855294
21,"North Korea",2017,0.10150921475952
24,"Cambodia",2017,0
25,"Thailand",2017,0.000282132931345
26,"Andaman and Nicobar",2017,0.00313558357267007
28,"Comoro Islands",2017,0.0826403909085529
29,"Mayotte",2017,0.178707069494999
30,"Glorioso Islands",2017,0.120381692781603
31,"Seychelles",2017,0.0104349238976707
32,"Reunion",2017,0.233292608608019
33,"Juan de Nova Island",2017,0.341811903229691
34,"Bassas da India",2017,0.171797595001243
35,"Ile Europa",2017,0.0955395539325255
36,"Ile Tromelin",2017,0.291418676643412
37,"Mauritius",2017,0.278746789906692
38,"British Indian Ocean Territory",2017,0.0598728731935809
39,"Maldives",2017,0
40,"Sri Lanka",2017,0
41,"Mozambique",2017,0.170084254058425
42,"Madagascar",2017,0.300166411280077
43,"Kenya",2017,0
44,"Somalia",2017,0
45,"Eritrea",2017,0
46,"Djibouti",2017,0
47,"Yemen",2017,0
48,"Oman",2017,0
49,"Sudan",2017,0
50,"Saudi Arabia",2017,0
51,"Kuwait",2017,0
52,"Bahrain",2017,0
53,"Pakistan",2017,0
54,"United Arab Emirates",2017,0
55,"Azores",2017,0.0246587537427032
56,"Cape Verde",2017,0.0570455608955524
57,"Madeira",2017,0.0521428276862559
58,"Canary Islands",2017,0.0293787026641093
59,"Belgium",2017,0.0524025943566438
60,"Gibraltar",2017,0.105485583306081
61,"Tunisia",2017,0.070036675627842
62,"Morocco",2017,0.0892604018383489
63,"Western Sahara",2017,0
64,"Mauritania",2017,0.0722526570420975
65,"Gambia",2017,0.103287971504367
66,"Senegal",2017,0.124634255832133
67,"Libya",2017,0.235342065712046
68,"Malta",2017,0.312054339583821
69,"Latvia",2017,0
70,"Estonia",2017,0.0082080239183566
71,"Bulgaria",2017,0.119169313400048
72,"Romania",2017,0.102456558375032
73,"Russia",2017,0.135492481263353
74,"Georgia",2017,0.215475116966169
75,"Ukraine",2017,0.250339114436032
76,"Turkey",2017,0.149582178263944
77,"Syria",2017,0
78,"Lebanon",2017,0
79,"Israel",2017,0
80,"Greece",2017,0.275632045036422
81,"Cyprus",2017,0.0189098539324802
82,"Albania",2017,0.0158185135776938
84,"Algeria",2017,0.167440182866877
85,"Ascension",2017,8.98347138906657e-07
86,"Saint Helena",2017,0.21901845639688
88,"Tristan da Cunha",2017,0.327958999701102
89,"South Georgia and the South Sandwich Islands",2017,0.3999315334574
90,"Prince Edward Islands",2017,0.511325135448395
91,"Crozet Islands",2017,0.576680401160107
92,"Amsterdam Island and Saint Paul Island",2017,0.452885269387334
93,"Kerguelen Islands",2017,0.580592576797327
94,"Heard and McDonald Islands",2017,0.570754448909851
95,"Falkland Islands",2017,0.420963848749281
96,"Sierra Leone",2017,0.0106914442319878
97,"Liberia",2017,9.74141112560068e-05
98,"Togo",2017,0
99,"Benin",2017,0
100,"Republique du Congo",2017,0
101,"Namibia",2017,0.125373180429517
102,"South Africa",2017,0.336763989213713
103,"Sao Tome and Principe",2017,0
104,"Equatorial Guinea",2017,0
105,"Bouvet Island",2017,0.3801779811206
106,"Ghana",2017,0
107,"Clipperton Island",2017,0.00186775316723746
108,"Bermuda",2017,0.0424952739851114
110,"Bahamas",2017,0.0020962541353982
111,"Turks and Caicos Islands",2017,0.00269535662662289
112,"Cuba",2017,0.00417443284977777
113,"Cayman Islands",2017,0.0764895652501019
114,"Haiti",2017,0.0473479100048649
115,"Dominican Republic",2017,0.12961585831785
116,"Puerto Rico and Virgin Islands of the United States",2017,0.0137960053745325
117,"British Virgin Islands",2017,0.011853718911633
118,"Anguilla",2017,0.00580649917645747
119,"Saint Kitts and Nevis",2017,0
120,"Antigua and Barbuda",2017,0
121,"Montserrat",2017,0
122,"Saint Lucia",2017,0
123,"Dominica",2017,0.0266996243364071
124,"Barbados",2017,0.0245532715183614
125,"Grenada",2017,0
126,"Trinidad and Tobago",2017,0.00313519878538638
127,"Saint Vincent and the Grenadines",2017,0.000106123117796188
129,"Panama",2017,0.144351350042099
130,"Costa Rica",2017,0.0325664240151972
131,"Nicaragua",2017,0.300088058390357
132,"Colombia",2017,0.120880326578082
133,"Honduras",2017,0.164903905768726
134,"El Salvador",2017,0.00694736230044642
135,"Mexico",2017,0.0186584599434405
136,"Guatemala",2017,0.0151490732231934
137,"Ecuador",2017,0.0720123063880099
138,"Peru",2017,0.405414708434975
139,"Venezuela",2017,0.00868741410150853
140,"Guadeloupe and Martinique",2017,0.0120251402014717
141,"Faeroe Islands",2017,0.0371666709338001
143,"Iceland",2017,0.0576945071492442
144,"Jan Mayen",2017,0.0718711965971312
145,"Greenland",2017,0.0424157827790507
146,"Pitcairn",2017,0.172137968647113
147,"French Polynesia",2017,0.190840964017357
148,"Line Group",2017,0.0342636409261348
149,"Jarvis Island",2017,0
150,"Palmyra Atoll",2017,0.113031166688883
151,"American Samoa",2017,0.221015120099958
152,"Samoa",2017,0.263815355829662
153,"Cook Islands",2017,0.22172039824861
154,"Niue",2017,0.361225388243803
155,"Tonga",2017,0.353827347882113
156,"Tokelau",2017,0
157,"Phoenix Group",2017,0
158,"Howland Island and Baker Island",2017,0.00111187642464419
159,"Johnston Atoll",2017,0.0105403291537267
161,"Wallis and Futuna",2017,0.246079625613085
162,"New Zealand",2017,0.466236323130287
163,"United States",2017,0.140787967445227
164,"Belize",2017,0.0869338286799727
166,"Jamaica",2017,0.145986449109305
167,"Guyana",2017,0
168,"Suriname",2017,0
169,"French Guiana",2017,8.5569220804284e-06
171,"Brazil",2017,0.116729193797643
172,"Argentina",2017,0.335197355018192
173,"Uruguay",2017,0.298980292802163
174,"Finland",2017,0.0279546473070793
175,"Denmark",2017,0.0369400923405142
176,"Germany",2017,0.0419572420092538
177,"Netherlands",2017,0.0718707748270776
178,"Poland",2017,0
179,"France",2017,0.0308500511544676
180,"United Kingdom",2017,0.0522133285881993
181,"Ireland",2017,0.0219610053341395
182,"Spain",2017,0.0900023468459705
183,"Portugal",2017,0.0168618296012962
184,"Italy",2017,0.178143347561151
185,"Monaco",2017,0.168277427565744
186,"Montenegro",2017,0.13057740094577
187,"Croatia",2017,0.240888166912403
188,"Slovenia",2017,0.192943930442585
189,"Lithuania",2017,0
190,"Qatar",2017,0
191,"Iran",2017,0
192,"Iraq",2017,0
193,"Guinea Bissau",2017,0.0653103538394779
194,"Guinea",2017,0.0487387867217582
195,"Ivory Coast",2017,0
196,"Nigeria",2017,0
197,"Cameroon",2017,0
198,"Gabon",2017,0
199,"Democratic Republic of the Congo",2017,0
200,"Angola",2017,0.0801066450076496
202,"Tanzania",2017,0
203,"India",2017,0.00111318087574926
204,"Bangladesh",2017,0
205,"Myanmar",2017,0
206,"Malaysia",2017,0.00283324724220488
207,"Vietnam",2017,0.000350922661441707
208,"Singapore",2017,0.168352435717041
209,"China",2017,0.0139743350165894
210,"Japan",2017,0.0918085685643485
212,"Kiribati",2017,0.005970266337877
214,"Egypt",2017,0.0470241417316215
215,"Jordan",2017,NA
216,"Indonesia",2017,0.0216517669600046
218,"Canada",2017,0.0838971562060798
219,"Saint Pierre and Miquelon",2017,0.295788880613017
220,"Sint Maarten",2017,0
221,"Northern Saint-Martin",2017,0
222,"Sweden",2017,0.0238805969830703
223,"Norway",2017,0.109917369306607
224,"Chile",2017,0.439053275091839
227,"Jersey",2017,0
228,"Guernsey",2017,0
231,"East Timor",2017,0.00194573159323766
232,"Bosnia and Herzegovina",2017,0.238162574355291
237,"Oecussi Ambeno",2017,0
244,"Curacao",2017,0.000782778675414094
245,"Bonaire",2017,0
247,"Brunei",2017,0
248,"Saba",2017,0
249,"Sint Eustatius",2017,0
250,"Aruba",2017,0.0151751918673744
