rgn_id,year,a_tot_3nm
1,2000,596.25
1,2001,596.25
1,2002,596.25
1,2003,596.25
1,2004,596.25
1,2005,596.25
1,2006,596.25
1,2007,596.25
1,2008,596.25
1,2009,596.25
1,2010,596.25
1,2011,596.25
1,2012,596.25
1,2013,596.25
1,2014,596.25
1,2015,596.25
2,2000,482.25
2,2001,482.25
2,2002,482.25
2,2003,482.25
2,2004,482.25
2,2005,482.25
2,2006,482.25
2,2007,482.25
2,2008,482.25
2,2009,482.25
2,2010,482.25
2,2011,482.25
2,2012,482.25
2,2013,482.25
2,2014,482.25
2,2015,482.25
3,2000,331.5
3,2001,331.5
3,2002,331.5
3,2003,331.5
3,2004,331.5
3,2005,331.5
3,2006,331.5
3,2007,331.5
3,2008,331.5
3,2009,331.5
3,2010,331.5
3,2011,331.5
3,2012,331.5
3,2013,331.5
3,2014,331.5
3,2015,331.5
4,2000,751.5
4,2001,751.5
4,2002,751.5
4,2003,751.5
4,2004,751.5
4,2005,751.5
4,2006,751.5
4,2007,751.5
4,2008,751.5
4,2009,751.5
4,2010,751.5
4,2011,751.5
4,2012,751.5
4,2013,751.5
4,2014,751.5
4,2015,751.5
5,2000,20093
5,2001,20093
5,2002,20093
5,2003,20093
5,2004,20093
5,2005,20093
5,2006,20093
5,2007,20093
5,2008,20093
5,2009,20093
5,2010,20093
5,2011,20093
5,2012,20093
5,2013,20093
5,2014,20093
5,2015,20093
6,2000,16654
6,2001,16654
6,2002,16654
6,2003,16654
6,2004,16654
6,2005,16654
6,2006,16654
6,2007,16654
6,2008,16654
6,2009,16654
6,2010,16654
6,2011,16654
6,2012,16654
6,2013,16654
6,2014,16654
6,2015,16654
7,2000,37315
7,2001,37315
7,2002,37315
7,2003,37315
7,2004,37315
7,2005,37315
7,2006,37315
7,2007,37315
7,2008,37315
7,2009,37315
7,2010,37315
7,2011,37315
7,2012,37315
7,2013,37315
7,2014,37315
7,2015,37315
8,2000,2958
8,2001,2958
8,2002,2958
8,2003,2958
8,2004,2958
8,2005,2958
8,2006,2958
8,2007,2958
8,2008,2958
8,2009,2958
8,2010,2958
8,2011,2958
8,2012,2958
8,2013,2958
8,2014,2958
8,2015,2958
9,2000,16181.25
9,2001,16181.25
9,2002,16181.25
9,2003,16181.25
9,2004,16181.25
9,2005,16181.25
9,2006,16181.25
9,2007,16181.25
9,2008,16181.25
9,2009,16181.25
9,2010,16181.25
9,2011,16181.25
9,2012,16181.25
9,2013,16181.25
9,2014,16181.25
9,2015,16181.25
10,2000,197
10,2001,197
10,2002,197
10,2003,197
10,2004,197
10,2005,197
10,2006,197
10,2007,197
10,2008,197
10,2009,197
10,2010,197
10,2011,197
10,2012,197
10,2013,197
10,2014,197
10,2015,197
11,2000,24848.5
11,2001,24848.5
11,2002,24848.5
11,2003,24848.5
11,2004,24848.5
11,2005,24848.5
11,2006,24848.5
11,2007,24848.5
11,2008,24848.5
11,2009,24848.5
11,2010,24848.5
11,2011,24848.5
11,2012,24848.5
11,2013,24848.5
11,2014,24848.5
11,2015,24848.5
12,2000,209.5
12,2001,209.5
12,2002,209.5
12,2003,209.5
12,2004,209.5
12,2005,209.5
12,2006,209.5
12,2007,209.5
12,2008,209.5
12,2009,209.5
12,2010,209.5
12,2011,209.5
12,2012,209.5
12,2013,209.5
12,2014,209.5
12,2015,209.5
13,2000,4102.5
13,2001,4102.5
13,2002,4102.5
13,2003,4102.5
13,2004,4102.5
13,2005,4102.5
13,2006,4102.5
13,2007,4102.5
13,2008,4102.5
13,2009,4102.5
13,2010,4102.5
13,2011,4102.5
13,2012,4102.5
13,2013,4102.5
13,2014,4102.5
13,2015,4102.5
14,2000,9384.75
14,2001,9384.75
14,2002,9384.75
14,2003,9384.75
14,2004,9384.75
14,2005,9384.75
14,2006,9384.75
14,2007,9384.75
14,2008,9384.75
14,2009,9384.75
14,2010,9384.75
14,2011,9384.75
14,2012,9384.75
14,2013,9384.75
14,2014,9384.75
14,2015,9384.75
15,2000,143774
15,2001,143774
15,2002,143774
15,2003,143774
15,2004,143774
15,2005,143774
15,2006,143774
15,2007,143774
15,2008,143774
15,2009,143774
15,2010,143774
15,2011,143774
15,2012,143774
15,2013,143774
15,2014,143774
15,2015,143774
16,2000,248383.5
16,2001,248383.5
16,2002,248383.5
16,2003,248383.5
16,2004,248383.5
16,2005,248383.5
16,2006,248383.5
16,2007,248383.5
16,2008,248383.5
16,2009,248383.5
16,2010,248383.5
16,2011,248383.5
16,2012,248383.5
16,2013,248383.5
16,2014,248383.5
16,2015,248383.5
17,2000,96966.75
17,2001,96966.75
17,2002,96966.75
17,2003,96966.75
17,2004,96966.75
17,2005,96966.75
17,2006,96966.75
17,2007,96966.75
17,2008,96966.75
17,2009,96966.75
17,2010,96966.75
17,2011,96966.75
17,2012,96966.75
17,2013,96966.75
17,2014,96966.75
17,2015,96966.75
18,2000,26032.75
18,2001,26032.75
18,2002,26032.75
18,2003,26032.75
18,2004,26032.75
18,2005,26032.75
18,2006,26032.75
18,2007,26032.75
18,2008,26032.75
18,2009,26032.75
18,2010,26032.75
18,2011,26032.75
18,2012,26032.75
18,2013,26032.75
18,2014,26032.75
18,2015,26032.75
19,2000,2414
19,2001,2414
19,2002,2414
19,2003,2414
19,2004,2414
19,2005,2414
19,2006,2414
19,2007,2414
19,2008,2414
19,2009,2414
19,2010,2414
19,2011,2414
19,2012,2414
19,2013,2414
19,2014,2414
19,2015,2414
20,2000,33405.25
20,2001,33405.25
20,2002,33405.25
20,2003,33405.25
20,2004,33405.25
20,2005,33405.25
20,2006,33405.25
20,2007,33405.25
20,2008,33405.25
20,2009,33405.25
20,2010,33405.25
20,2011,33405.25
20,2012,33405.25
20,2013,33405.25
20,2014,33405.25
20,2015,33405.25
21,2000,12125.25
21,2001,12125.25
21,2002,12125.25
21,2003,12125.25
21,2004,12125.25
21,2005,12125.25
21,2006,12125.25
21,2007,12125.25
21,2008,12125.25
21,2009,12125.25
21,2010,12125.25
21,2011,12125.25
21,2012,12125.25
21,2013,12125.25
21,2014,12125.25
21,2015,12125.25
24,2000,4555
24,2001,4555
24,2002,4555
24,2003,4555
24,2004,4555
24,2005,4555
24,2006,4555
24,2007,4555
24,2008,4555
24,2009,4555
24,2010,4555
24,2011,4555
24,2012,4555
24,2013,4555
24,2014,4555
24,2015,4555
25,2000,28757
25,2001,28757
25,2002,28757
25,2003,28757
25,2004,28757
25,2005,28757
25,2006,28757
25,2007,28757
25,2008,28757
25,2009,28757
25,2010,28757
25,2011,28757
25,2012,28757
25,2013,28757
25,2014,28757
25,2015,28757
26,2000,12472.75
26,2001,12472.75
26,2002,12472.75
26,2003,12472.75
26,2004,12472.75
26,2005,12472.75
26,2006,12472.75
26,2007,12472.75
26,2008,12472.75
26,2009,12472.75
26,2010,12472.75
26,2011,12472.75
26,2012,12472.75
26,2013,12472.75
26,2014,12472.75
26,2015,12472.75
28,2000,2498
28,2001,2498
28,2002,2498
28,2003,2498
28,2004,2498
28,2005,2498
28,2006,2498
28,2007,2498
28,2008,2498
28,2009,2498
28,2010,2498
28,2011,2498
28,2012,2498
28,2013,2498
28,2014,2498
28,2015,2498
29,2000,1003.75
29,2001,1003.75
29,2002,1003.75
29,2003,1003.75
29,2004,1003.75
29,2005,1003.75
29,2006,1003.75
29,2007,1003.75
29,2008,1003.75
29,2009,1003.75
29,2010,1003.75
29,2011,1003.75
29,2012,1003.75
29,2013,1003.75
29,2014,1003.75
29,2015,1003.75
30,2000,241
30,2001,241
30,2002,241
30,2003,241
30,2004,241
30,2005,241
30,2006,241
30,2007,241
30,2008,241
30,2009,241
30,2010,241
30,2011,241
30,2012,241
30,2013,241
30,2014,241
30,2015,241
31,2000,6663.25
31,2001,6663.25
31,2002,6663.25
31,2003,6663.25
31,2004,6663.25
31,2005,6663.25
31,2006,6663.25
31,2007,6663.25
31,2008,6663.25
31,2009,6663.25
31,2010,6663.25
31,2011,6663.25
31,2012,6663.25
31,2013,6663.25
31,2014,6663.25
31,2015,6663.25
32,2000,1226.25
32,2001,1226.25
32,2002,1226.25
32,2003,1226.25
32,2004,1226.25
32,2005,1226.25
32,2006,1226.25
32,2007,1226.25
32,2008,1226.25
32,2009,1226.25
32,2010,1226.25
32,2011,1226.25
32,2012,1226.25
32,2013,1226.25
32,2014,1226.25
32,2015,1226.25
33,2000,170.25
33,2001,170.25
33,2002,170.25
33,2003,170.25
33,2004,170.25
33,2005,170.25
33,2006,170.25
33,2007,170.25
33,2008,170.25
33,2009,170.25
33,2010,170.25
33,2011,170.25
33,2012,170.25
33,2013,170.25
33,2014,170.25
33,2015,170.25
34,2000,300
34,2001,300
34,2002,300
34,2003,300
34,2004,300
34,2005,300
34,2006,300
34,2007,300
34,2008,300
34,2009,300
34,2010,300
34,2011,300
34,2012,300
34,2013,300
34,2014,300
34,2015,300
35,2000,223.25
35,2001,223.25
35,2002,223.25
35,2003,223.25
35,2004,223.25
35,2005,223.25
35,2006,223.25
35,2007,223.25
35,2008,223.25
35,2009,223.25
35,2010,223.25
35,2011,223.25
35,2012,223.25
35,2013,223.25
35,2014,223.25
35,2015,223.25
36,2000,121.25
36,2001,121.25
36,2002,121.25
36,2003,121.25
36,2004,121.25
36,2005,121.25
36,2006,121.25
36,2007,121.25
36,2008,121.25
36,2009,121.25
36,2010,121.25
36,2011,121.25
36,2012,121.25
36,2013,121.25
36,2014,121.25
36,2015,121.25
37,2000,3488.25
37,2001,3488.25
37,2002,3488.25
37,2003,3488.25
37,2004,3488.25
37,2005,3488.25
37,2006,3488.25
37,2007,3488.25
37,2008,3488.25
37,2009,3488.25
37,2010,3488.25
37,2011,3488.25
37,2012,3488.25
37,2013,3488.25
37,2014,3488.25
37,2015,3488.25
38,2000,2706.5
38,2001,2706.5
38,2002,2706.5
38,2003,2706.5
38,2004,2706.5
38,2005,2706.5
38,2006,2706.5
38,2007,2706.5
38,2008,2706.5
38,2009,2706.5
38,2010,2706.5
38,2011,2706.5
38,2012,2706.5
38,2013,2706.5
38,2014,2706.5
38,2015,2706.5
39,2000,27296.25
39,2001,27296.25
39,2002,27296.25
39,2003,27296.25
39,2004,27296.25
39,2005,27296.25
39,2006,27296.25
39,2007,27296.25
39,2008,27296.25
39,2009,27296.25
39,2010,27296.25
39,2011,27296.25
39,2012,27296.25
39,2013,27296.25
39,2014,27296.25
39,2015,27296.25
40,2000,9502
40,2001,9502
40,2002,9502
40,2003,9502
40,2004,9502
40,2005,9502
40,2006,9502
40,2007,9502
40,2008,9502
40,2009,9502
40,2010,9502
40,2011,9502
40,2012,9502
40,2013,9502
40,2014,9502
40,2015,9502
41,2000,21159.25
41,2001,21159.25
41,2002,21159.25
41,2003,21159.25
41,2004,21159.25
41,2005,21159.25
41,2006,21159.25
41,2007,21159.25
41,2008,21159.25
41,2009,21159.25
41,2010,21159.25
41,2011,21159.25
41,2012,21159.25
41,2013,21159.25
41,2014,21159.25
41,2015,21159.25
42,2000,33696.75
42,2001,33696.75
42,2002,33696.75
42,2003,33696.75
42,2004,33696.75
42,2005,33696.75
42,2006,33696.75
42,2007,33696.75
42,2008,33696.75
42,2009,33696.75
42,2010,33696.75
42,2011,33696.75
42,2012,33696.75
42,2013,33696.75
42,2014,33696.75
42,2015,33696.75
43,2000,3587.5
43,2001,3587.5
43,2002,3587.5
43,2003,3587.5
43,2004,3587.5
43,2005,3587.5
43,2006,3587.5
43,2007,3587.5
43,2008,3587.5
43,2009,3587.5
43,2010,3587.5
43,2011,3587.5
43,2012,3587.5
43,2013,3587.5
43,2014,3587.5
43,2015,3587.5
44,2000,18400
44,2001,18400
44,2002,18400
44,2003,18400
44,2004,18400
44,2005,18400
44,2006,18400
44,2007,18400
44,2008,18400
44,2009,18400
44,2010,18400
44,2011,18400
44,2012,18400
44,2013,18400
44,2014,18400
44,2015,18400
45,2000,17905.25
45,2001,17905.25
45,2002,17905.25
45,2003,17905.25
45,2004,17905.25
45,2005,17905.25
45,2006,17905.25
45,2007,17905.25
45,2008,17905.25
45,2009,17905.25
45,2010,17905.25
45,2011,17905.25
45,2012,17905.25
45,2013,17905.25
45,2014,17905.25
45,2015,17905.25
46,2000,2011.75
46,2001,2011.75
46,2002,2011.75
46,2003,2011.75
46,2004,2011.75
46,2005,2011.75
46,2006,2011.75
46,2007,2011.75
46,2008,2011.75
46,2009,2011.75
46,2010,2011.75
46,2011,2011.75
46,2012,2011.75
46,2013,2011.75
46,2014,2011.75
46,2015,2011.75
47,2000,20370
47,2001,20370
47,2002,20370
47,2003,20370
47,2004,20370
47,2005,20370
47,2006,20370
47,2007,20370
47,2008,20370
47,2009,20370
47,2010,20370
47,2011,20370
47,2012,20370
47,2013,20370
47,2014,20370
47,2015,20370
48,2000,13952.75
48,2001,13952.75
48,2002,13952.75
48,2003,13952.75
48,2004,13952.75
48,2005,13952.75
48,2006,13952.75
48,2007,13952.75
48,2008,13952.75
48,2009,13952.75
48,2010,13952.75
48,2011,13952.75
48,2012,13952.75
48,2013,13952.75
48,2014,13952.75
48,2015,13952.75
49,2000,8048
49,2001,8048
49,2002,8048
49,2003,8048
49,2004,8048
49,2005,8048
49,2006,8048
49,2007,8048
49,2008,8048
49,2009,8048
49,2010,8048
49,2011,8048
49,2012,8048
49,2013,8048
49,2014,8048
49,2015,8048
50,2000,38538
50,2001,38538
50,2002,38538
50,2003,38538
50,2004,38538
50,2005,38538
50,2006,38538
50,2007,38538
50,2008,38538
50,2009,38538
50,2010,38538
50,2011,38538
50,2012,38538
50,2013,38538
50,2014,38538
50,2015,38538
51,2000,2394.5
51,2001,2394.5
51,2002,2394.5
51,2003,2394.5
51,2004,2394.5
51,2005,2394.5
51,2006,2394.5
51,2007,2394.5
51,2008,2394.5
51,2009,2394.5
51,2010,2394.5
51,2011,2394.5
51,2012,2394.5
51,2013,2394.5
51,2014,2394.5
51,2015,2394.5
52,2000,1672
52,2001,1672
52,2002,1672
52,2003,1672
52,2004,1672
52,2005,1672
52,2006,1672
52,2007,1672
52,2008,1672
52,2009,1672
52,2010,1672
52,2011,1672
52,2012,1672
52,2013,1672
52,2014,1672
52,2015,1672
53,2000,6842
53,2001,6842
53,2002,6842
53,2003,6842
53,2004,6842
53,2005,6842
53,2006,6842
53,2007,6842
53,2008,6842
53,2009,6842
53,2010,6842
53,2011,6842
53,2012,6842
53,2013,6842
53,2014,6842
53,2015,6842
54,2000,10360.5
54,2001,10360.5
54,2002,10360.5
54,2003,10360.5
54,2004,10360.5
54,2005,10360.5
54,2006,10360.5
54,2007,10360.5
54,2008,10360.5
54,2009,10360.5
54,2010,10360.5
54,2011,10360.5
54,2012,10360.5
54,2013,10360.5
54,2014,10360.5
54,2015,10360.5
55,2000,4823
55,2001,4823
55,2002,4823
55,2003,4823
55,2004,4823
55,2005,4823
55,2006,4823
55,2007,4823
55,2008,4823
55,2009,4823
55,2010,4823
55,2011,4823
55,2012,4823
55,2013,4823
55,2014,4823
55,2015,4823
56,2000,6299.25
56,2001,6299.25
56,2002,6299.25
56,2003,6299.25
56,2004,6299.25
56,2005,6299.25
56,2006,6299.25
56,2007,6299.25
56,2008,6299.25
56,2009,6299.25
56,2010,6299.25
56,2011,6299.25
56,2012,6299.25
56,2013,6299.25
56,2014,6299.25
56,2015,6299.25
57,2000,1956
57,2001,1956
57,2002,1956
57,2003,1956
57,2004,1956
57,2005,1956
57,2006,1956
57,2007,1956
57,2008,1956
57,2009,1956
57,2010,1956
57,2011,1956
57,2012,1956
57,2013,1956
57,2014,1956
57,2015,1956
58,2000,7243.75
58,2001,7243.75
58,2002,7243.75
58,2003,7243.75
58,2004,7243.75
58,2005,7243.75
58,2006,7243.75
58,2007,7243.75
58,2008,7243.75
58,2009,7243.75
58,2010,7243.75
58,2011,7243.75
58,2012,7243.75
58,2013,7243.75
58,2014,7243.75
58,2015,7243.75
59,2000,373
59,2001,373
59,2002,373
59,2003,373
59,2004,373
59,2005,373
59,2006,373
59,2007,373
59,2008,373
59,2009,373
59,2010,373
59,2011,373
59,2012,373
59,2013,373
59,2014,373
59,2015,373
60,2000,89.75
60,2001,89.75
60,2002,89.75
60,2003,89.75
60,2004,89.75
60,2005,89.75
60,2006,89.75
60,2007,89.75
60,2008,89.75
60,2009,89.75
60,2010,89.75
60,2011,89.75
60,2012,89.75
60,2013,89.75
60,2014,89.75
60,2015,89.75
61,2000,8486
61,2001,8486
61,2002,8486
61,2003,8486
61,2004,8486
61,2005,8486
61,2006,8486
61,2007,8486
61,2008,8486
61,2009,8486
61,2010,8486
61,2011,8486
61,2012,8486
61,2013,8486
61,2014,8486
61,2015,8486
62,2000,9974.5
62,2001,9974.5
62,2002,9974.5
62,2003,9974.5
62,2004,9974.5
62,2005,9974.5
62,2006,9974.5
62,2007,9974.5
62,2008,9974.5
62,2009,9974.5
62,2010,9974.5
62,2011,9974.5
62,2012,9974.5
62,2013,9974.5
62,2014,9974.5
62,2015,9974.5
63,2000,5911.5
63,2001,5911.5
63,2002,5911.5
63,2003,5911.5
63,2004,5911.5
63,2005,5911.5
63,2006,5911.5
63,2007,5911.5
63,2008,5911.5
63,2009,5911.5
63,2010,5911.5
63,2011,5911.5
63,2012,5911.5
63,2013,5911.5
63,2014,5911.5
63,2015,5911.5
64,2000,4995.5
64,2001,4995.5
64,2002,4995.5
64,2003,4995.5
64,2004,4995.5
64,2005,4995.5
64,2006,4995.5
64,2007,4995.5
64,2008,4995.5
64,2009,4995.5
64,2010,4995.5
64,2011,4995.5
64,2012,4995.5
64,2013,4995.5
64,2014,4995.5
64,2015,4995.5
65,2000,1121
65,2001,1121
65,2002,1121
65,2003,1121
65,2004,1121
65,2005,1121
65,2006,1121
65,2007,1121
65,2008,1121
65,2009,1121
65,2010,1121
65,2011,1121
65,2012,1121
65,2013,1121
65,2014,1121
65,2015,1121
66,2000,3278.75
66,2001,3278.75
66,2002,3278.75
66,2003,3278.75
66,2004,3278.75
66,2005,3278.75
66,2006,3278.75
66,2007,3278.75
66,2008,3278.75
66,2009,3278.75
66,2010,3278.75
66,2011,3278.75
66,2012,3278.75
66,2013,3278.75
66,2014,3278.75
66,2015,3278.75
67,2000,10128.5
67,2001,10128.5
67,2002,10128.5
67,2003,10128.5
67,2004,10128.5
67,2005,10128.5
67,2006,10128.5
67,2007,10128.5
67,2008,10128.5
67,2009,10128.5
67,2010,10128.5
67,2011,10128.5
67,2012,10128.5
67,2013,10128.5
67,2014,10128.5
67,2015,10128.5
68,2000,778.75
68,2001,778.75
68,2002,778.75
68,2003,778.75
68,2004,778.75
68,2005,778.75
68,2006,778.75
68,2007,778.75
68,2008,778.75
68,2009,778.75
68,2010,778.75
68,2011,778.75
68,2012,778.75
68,2013,778.75
68,2014,778.75
68,2015,778.75
69,2000,2816
69,2001,2816
69,2002,2816
69,2003,2816
69,2004,2816
69,2005,2816
69,2006,2816
69,2007,2816
69,2008,2816
69,2009,2816
69,2010,2816
69,2011,2816
69,2012,2816
69,2013,2816
69,2014,2816
69,2015,2816
70,2000,9684
70,2001,9684
70,2002,9684
70,2003,9684
70,2004,9684
70,2005,9684
70,2006,9684
70,2007,9684
70,2008,9684
70,2009,9684
70,2010,9684
70,2011,9684
70,2012,9684
70,2013,9684
70,2014,9684
70,2015,9684
71,2000,1832
71,2001,1832
71,2002,1832
71,2003,1832
71,2004,1832
71,2005,1832
71,2006,1832
71,2007,1832
71,2008,1832
71,2009,1832
71,2010,1832
71,2011,1832
71,2012,1832
71,2013,1832
71,2014,1832
71,2015,1832
72,2000,1930.5
72,2001,1930.5
72,2002,1930.5
72,2003,1930.5
72,2004,1930.5
72,2005,1930.5
72,2006,1930.5
72,2007,1930.5
72,2008,1930.5
72,2009,1930.5
72,2010,1930.5
72,2011,1930.5
72,2012,1930.5
72,2013,1930.5
72,2014,1930.5
72,2015,1930.5
73,2000,374020.25
73,2001,374020.25
73,2002,374020.25
73,2003,374020.25
73,2004,374020.25
73,2005,374020.25
73,2006,374020.25
73,2007,374020.25
73,2008,374020.25
73,2009,374020.25
73,2010,374020.25
73,2011,374020.25
73,2012,374020.25
73,2013,374020.25
73,2014,374020.25
73,2015,374020.25
74,2000,1708.25
74,2001,1708.25
74,2002,1708.25
74,2003,1708.25
74,2004,1708.25
74,2005,1708.25
74,2006,1708.25
74,2007,1708.25
74,2008,1708.25
74,2009,1708.25
74,2010,1708.25
74,2011,1708.25
74,2012,1708.25
74,2013,1708.25
74,2014,1708.25
74,2015,1708.25
75,2000,15343.75
75,2001,15343.75
75,2002,15343.75
75,2003,15343.75
75,2004,15343.75
75,2005,15343.75
75,2006,15343.75
75,2007,15343.75
75,2008,15343.75
75,2009,15343.75
75,2010,15343.75
75,2011,15343.75
75,2012,15343.75
75,2013,15343.75
75,2014,15343.75
75,2015,15343.75
76,2000,30210.5
76,2001,30210.5
76,2002,30210.5
76,2003,30210.5
76,2004,30210.5
76,2005,30210.5
76,2006,30210.5
76,2007,30210.5
76,2008,30210.5
76,2009,30210.5
76,2010,30210.5
76,2011,30210.5
76,2012,30210.5
76,2013,30210.5
76,2014,30210.5
76,2015,30210.5
77,2000,1040.75
77,2001,1040.75
77,2002,1040.75
77,2003,1040.75
77,2004,1040.75
77,2005,1040.75
77,2006,1040.75
77,2007,1040.75
77,2008,1040.75
77,2009,1040.75
77,2010,1040.75
77,2011,1040.75
77,2012,1040.75
77,2013,1040.75
77,2014,1040.75
77,2015,1040.75
78,2000,1319.25
78,2001,1319.25
78,2002,1319.25
78,2003,1319.25
78,2004,1319.25
78,2005,1319.25
78,2006,1319.25
78,2007,1319.25
78,2008,1319.25
78,2009,1319.25
78,2010,1319.25
78,2011,1319.25
78,2012,1319.25
78,2013,1319.25
78,2014,1319.25
78,2015,1319.25
79,2000,1294.75
79,2001,1294.75
79,2002,1294.75
79,2003,1294.75
79,2004,1294.75
79,2005,1294.75
79,2006,1294.75
79,2007,1294.75
79,2008,1294.75
79,2009,1294.75
79,2010,1294.75
79,2011,1294.75
79,2012,1294.75
79,2013,1294.75
79,2014,1294.75
79,2015,1294.75
80,2000,64237.75
80,2001,64237.75
80,2002,64237.75
80,2003,64237.75
80,2004,64237.75
80,2005,64237.75
80,2006,64237.75
80,2007,64237.75
80,2008,64237.75
80,2009,64237.75
80,2010,64237.75
80,2011,64237.75
80,2012,64237.75
80,2013,64237.75
80,2014,64237.75
80,2015,64237.75
81,2000,3756.5
81,2001,3756.5
81,2002,3756.5
81,2003,3756.5
81,2004,3756.5
81,2005,3756.5
81,2006,3756.5
81,2007,3756.5
81,2008,3756.5
81,2009,3756.5
81,2010,3756.5
81,2011,3756.5
81,2012,3756.5
81,2013,3756.5
81,2014,3756.5
81,2015,3756.5
82,2000,2186.25
82,2001,2186.25
82,2002,2186.25
82,2003,2186.25
82,2004,2186.25
82,2005,2186.25
82,2006,2186.25
82,2007,2186.25
82,2008,2186.25
82,2009,2186.25
82,2010,2186.25
82,2011,2186.25
82,2012,2186.25
82,2013,2186.25
82,2014,2186.25
82,2015,2186.25
84,2000,7325.5
84,2001,7325.5
84,2002,7325.5
84,2003,7325.5
84,2004,7325.5
84,2005,7325.5
84,2006,7325.5
84,2007,7325.5
84,2008,7325.5
84,2009,7325.5
84,2010,7325.5
84,2011,7325.5
84,2012,7325.5
84,2013,7325.5
84,2014,7325.5
84,2015,7325.5
85,2000,327.25
85,2001,327.25
85,2002,327.25
85,2003,327.25
85,2004,327.25
85,2005,327.25
85,2006,327.25
85,2007,327.25
85,2008,327.25
85,2009,327.25
85,2010,327.25
85,2011,327.25
85,2012,327.25
85,2013,327.25
85,2014,327.25
85,2015,327.25
86,2000,380.25
86,2001,380.25
86,2002,380.25
86,2003,380.25
86,2004,380.25
86,2005,380.25
86,2006,380.25
86,2007,380.25
86,2008,380.25
86,2009,380.25
86,2010,380.25
86,2011,380.25
86,2012,380.25
86,2013,380.25
86,2014,380.25
86,2015,380.25
88,2000,986.5
88,2001,986.5
88,2002,986.5
88,2003,986.5
88,2004,986.5
88,2005,986.5
88,2006,986.5
88,2007,986.5
88,2008,986.5
88,2009,986.5
88,2010,986.5
88,2011,986.5
88,2012,986.5
88,2013,986.5
88,2014,986.5
88,2015,986.5
89,2000,6022
89,2001,6022
89,2002,6022
89,2003,6022
89,2004,6022
89,2005,6022
89,2006,6022
89,2007,6022
89,2008,6022
89,2009,6022
89,2010,6022
89,2011,6022
89,2012,6022
89,2013,6022
89,2014,6022
89,2015,6022
90,2000,750.5
90,2001,750.5
90,2002,750.5
90,2003,750.5
90,2004,750.5
90,2005,750.5
90,2006,750.5
90,2007,750.5
90,2008,750.5
90,2009,750.5
90,2010,750.5
90,2011,750.5
90,2012,750.5
90,2013,750.5
90,2014,750.5
90,2015,750.5
91,2000,1380.25
91,2001,1380.25
91,2002,1380.25
91,2003,1380.25
91,2004,1380.25
91,2005,1380.25
91,2006,1380.25
91,2007,1380.25
91,2008,1380.25
91,2009,1380.25
91,2010,1380.25
91,2011,1380.25
91,2012,1380.25
91,2013,1380.25
91,2014,1380.25
91,2015,1380.25
92,2000,439.25
92,2001,439.25
92,2002,439.25
92,2003,439.25
92,2004,439.25
92,2005,439.25
92,2006,439.25
92,2007,439.25
92,2008,439.25
92,2009,439.25
92,2010,439.25
92,2011,439.25
92,2012,439.25
92,2013,439.25
92,2014,439.25
92,2015,439.25
93,2000,7426.75
93,2001,7426.75
93,2002,7426.75
93,2003,7426.75
93,2004,7426.75
93,2005,7426.75
93,2006,7426.75
93,2007,7426.75
93,2008,7426.75
93,2009,7426.75
93,2010,7426.75
93,2011,7426.75
93,2012,7426.75
93,2013,7426.75
93,2014,7426.75
93,2015,7426.75
94,2000,989.75
94,2001,989.75
94,2002,989.75
94,2003,989.75
94,2004,989.75
94,2005,989.75
94,2006,989.75
94,2007,989.75
94,2008,989.75
94,2009,989.75
94,2010,989.75
94,2011,989.75
94,2012,989.75
94,2013,989.75
94,2014,989.75
94,2015,989.75
95,2000,13227
95,2001,13227
95,2002,13227
95,2003,13227
95,2004,13227
95,2005,13227
95,2006,13227
95,2007,13227
95,2008,13227
95,2009,13227
95,2010,13227
95,2011,13227
95,2012,13227
95,2013,13227
95,2014,13227
95,2015,13227
96,2000,3757.75
96,2001,3757.75
96,2002,3757.75
96,2003,3757.75
96,2004,3757.75
96,2005,3757.75
96,2006,3757.75
96,2007,3757.75
96,2008,3757.75
96,2009,3757.75
96,2010,3757.75
96,2011,3757.75
96,2012,3757.75
96,2013,3757.75
96,2014,3757.75
96,2015,3757.75
97,2000,3393.5
97,2001,3393.5
97,2002,3393.5
97,2003,3393.5
97,2004,3393.5
97,2005,3393.5
97,2006,3393.5
97,2007,3393.5
97,2008,3393.5
97,2009,3393.5
97,2010,3393.5
97,2011,3393.5
97,2012,3393.5
97,2013,3393.5
97,2014,3393.5
97,2015,3393.5
98,2000,276
98,2001,276
98,2002,276
98,2003,276
98,2004,276
98,2005,276
98,2006,276
98,2007,276
98,2008,276
98,2009,276
98,2010,276
98,2011,276
98,2012,276
98,2013,276
98,2014,276
98,2015,276
99,2000,688.25
99,2001,688.25
99,2002,688.25
99,2003,688.25
99,2004,688.25
99,2005,688.25
99,2006,688.25
99,2007,688.25
99,2008,688.25
99,2009,688.25
99,2010,688.25
99,2011,688.25
99,2012,688.25
99,2013,688.25
99,2014,688.25
99,2015,688.25
100,2000,948.25
100,2001,948.25
100,2002,948.25
100,2003,948.25
100,2004,948.25
100,2005,948.25
100,2006,948.25
100,2007,948.25
100,2008,948.25
100,2009,948.25
100,2010,948.25
100,2011,948.25
100,2012,948.25
100,2013,948.25
100,2014,948.25
100,2015,948.25
101,2000,8706.75
101,2001,8706.75
101,2002,8706.75
101,2003,8706.75
101,2004,8706.75
101,2005,8706.75
101,2006,8706.75
101,2007,8706.75
101,2008,8706.75
101,2009,8706.75
101,2010,8706.75
101,2011,8706.75
101,2012,8706.75
101,2013,8706.75
101,2014,8706.75
101,2015,8706.75
102,2000,16936
102,2001,16936
102,2002,16936
102,2003,16936
102,2004,16936
102,2005,16936
102,2006,16936
102,2007,16936
102,2008,16936
102,2009,16936
102,2010,16936
102,2011,16936
102,2012,16936
102,2013,16936
102,2014,16936
102,2015,16936
103,2000,1589.25
103,2001,1589.25
103,2002,1589.25
103,2003,1589.25
103,2004,1589.25
103,2005,1589.25
103,2006,1589.25
103,2007,1589.25
103,2008,1589.25
103,2009,1589.25
103,2010,1589.25
103,2011,1589.25
103,2012,1589.25
103,2013,1589.25
103,2014,1589.25
103,2015,1589.25
104,2000,3085.75
104,2001,3085.75
104,2002,3085.75
104,2003,3085.75
104,2004,3085.75
104,2005,3085.75
104,2006,3085.75
104,2007,3085.75
104,2008,3085.75
104,2009,3085.75
104,2010,3085.75
104,2011,3085.75
104,2012,3085.75
104,2013,3085.75
104,2014,3085.75
104,2015,3085.75
105,2000,259
105,2001,259
105,2002,259
105,2003,259
105,2004,259
105,2005,259
105,2006,259
105,2007,259
105,2008,259
105,2009,259
105,2010,259
105,2011,259
105,2012,259
105,2013,259
105,2014,259
105,2015,259
106,2000,3152.25
106,2001,3152.25
106,2002,3152.25
106,2003,3152.25
106,2004,3152.25
106,2005,3152.25
106,2006,3152.25
106,2007,3152.25
106,2008,3152.25
106,2009,3152.25
106,2010,3152.25
106,2011,3152.25
106,2012,3152.25
106,2013,3152.25
106,2014,3152.25
106,2015,3152.25
107,2000,160
107,2001,160
107,2002,160
107,2003,160
107,2004,160
107,2005,160
107,2006,160
107,2007,160
107,2008,160
107,2009,160
107,2010,160
107,2011,160
107,2012,160
107,2013,160
107,2014,160
107,2015,160
108,2000,498
108,2001,498
108,2002,498
108,2003,498
108,2004,498
108,2005,498
108,2006,498
108,2007,498
108,2008,498
108,2009,498
108,2010,498
108,2011,498
108,2012,498
108,2013,498
108,2014,498
108,2015,498
110,2000,37885.25
110,2001,37885.25
110,2002,37885.25
110,2003,37885.25
110,2004,37885.25
110,2005,37885.25
110,2006,37885.25
110,2007,37885.25
110,2008,37885.25
110,2009,37885.25
110,2010,37885.25
110,2011,37885.25
110,2012,37885.25
110,2013,37885.25
110,2014,37885.25
110,2015,37885.25
111,2000,3768
111,2001,3768
111,2002,3768
111,2003,3768
111,2004,3768
111,2005,3768
111,2006,3768
111,2007,3768
111,2008,3768
111,2009,3768
111,2010,3768
111,2011,3768
111,2012,3768
111,2013,3768
111,2014,3768
111,2015,3768
112,2000,41988.5
112,2001,41988.5
112,2002,41988.5
112,2003,41988.5
112,2004,41988.5
112,2005,41988.5
112,2006,41988.5
112,2007,41988.5
112,2008,41988.5
112,2009,41988.5
112,2010,41988.5
112,2011,41988.5
112,2012,41988.5
112,2013,41988.5
112,2014,41988.5
112,2015,41988.5
113,2000,1295.5
113,2001,1295.5
113,2002,1295.5
113,2003,1295.5
113,2004,1295.5
113,2005,1295.5
113,2006,1295.5
113,2007,1295.5
113,2008,1295.5
113,2009,1295.5
113,2010,1295.5
113,2011,1295.5
113,2012,1295.5
113,2013,1295.5
113,2014,1295.5
113,2015,1295.5
114,2000,8309.75
114,2001,8309.75
114,2002,8309.75
114,2003,8309.75
114,2004,8309.75
114,2005,8309.75
114,2006,8309.75
114,2007,8309.75
114,2008,8309.75
114,2009,8309.75
114,2010,8309.75
114,2011,8309.75
114,2012,8309.75
114,2013,8309.75
114,2014,8309.75
114,2015,8309.75
115,2000,7706.5
115,2001,7706.5
115,2002,7706.5
115,2003,7706.5
115,2004,7706.5
115,2005,7706.5
115,2006,7706.5
115,2007,7706.5
115,2008,7706.5
115,2009,7706.5
115,2010,7706.5
115,2011,7706.5
115,2012,7706.5
115,2013,7706.5
115,2014,7706.5
115,2015,7706.5
116,2000,6267.25
116,2001,6267.25
116,2002,6267.25
116,2003,6267.25
116,2004,6267.25
116,2005,6267.25
116,2006,6267.25
116,2007,6267.25
116,2008,6267.25
116,2009,6267.25
116,2010,6267.25
116,2011,6267.25
116,2012,6267.25
116,2013,6267.25
116,2014,6267.25
116,2015,6267.25
117,2000,1392
117,2001,1392
117,2002,1392
117,2003,1392
117,2004,1392
117,2005,1392
117,2006,1392
117,2007,1392
117,2008,1392
117,2009,1392
117,2010,1392
117,2011,1392
117,2012,1392
117,2013,1392
117,2014,1392
117,2015,1392
118,2000,847
118,2001,847
118,2002,847
118,2003,847
118,2004,847
118,2005,847
118,2006,847
118,2007,847
118,2008,847
118,2009,847
118,2010,847
118,2011,847
118,2012,847
118,2013,847
118,2014,847
118,2015,847
119,2000,741
119,2001,741
119,2002,741
119,2003,741
119,2004,741
119,2005,741
119,2006,741
119,2007,741
119,2008,741
119,2009,741
119,2010,741
119,2011,741
119,2012,741
119,2013,741
119,2014,741
119,2015,741
120,2000,1194.5
120,2001,1194.5
120,2002,1194.5
120,2003,1194.5
120,2004,1194.5
120,2005,1194.5
120,2006,1194.5
120,2007,1194.5
120,2008,1194.5
120,2009,1194.5
120,2010,1194.5
120,2011,1194.5
120,2012,1194.5
120,2013,1194.5
120,2014,1194.5
120,2015,1194.5
121,2000,340
121,2001,340
121,2002,340
121,2003,340
121,2004,340
121,2005,340
121,2006,340
121,2007,340
121,2008,340
121,2009,340
121,2010,340
121,2011,340
121,2012,340
121,2013,340
121,2014,340
121,2015,340
122,2000,748.5
122,2001,748.5
122,2002,748.5
122,2003,748.5
122,2004,748.5
122,2005,748.5
122,2006,748.5
122,2007,748.5
122,2008,748.5
122,2009,748.5
122,2010,748.5
122,2011,748.5
122,2012,748.5
122,2013,748.5
122,2014,748.5
122,2015,748.5
123,2000,821.75
123,2001,821.75
123,2002,821.75
123,2003,821.75
123,2004,821.75
123,2005,821.75
123,2006,821.75
123,2007,821.75
123,2008,821.75
123,2009,821.75
123,2010,821.75
123,2011,821.75
123,2012,821.75
123,2013,821.75
123,2014,821.75
123,2015,821.75
124,2000,610.25
124,2001,610.25
124,2002,610.25
124,2003,610.25
124,2004,610.25
124,2005,610.25
124,2006,610.25
124,2007,610.25
124,2008,610.25
124,2009,610.25
124,2010,610.25
124,2011,610.25
124,2012,610.25
124,2013,610.25
124,2014,610.25
124,2015,610.25
125,2000,1201.25
125,2001,1201.25
125,2002,1201.25
125,2003,1201.25
125,2004,1201.25
125,2005,1201.25
125,2006,1201.25
125,2007,1201.25
125,2008,1201.25
125,2009,1201.25
125,2010,1201.25
125,2011,1201.25
125,2012,1201.25
125,2013,1201.25
125,2014,1201.25
125,2015,1201.25
126,2000,3472.25
126,2001,3472.25
126,2002,3472.25
126,2003,3472.25
126,2004,3472.25
126,2005,3472.25
126,2006,3472.25
126,2007,3472.25
126,2008,3472.25
126,2009,3472.25
126,2010,3472.25
126,2011,3472.25
126,2012,3472.25
126,2013,3472.25
126,2014,3472.25
126,2015,3472.25
127,2000,1746.25
127,2001,1746.25
127,2002,1746.25
127,2003,1746.25
127,2004,1746.25
127,2005,1746.25
127,2006,1746.25
127,2007,1746.25
127,2008,1746.25
127,2009,1746.25
127,2010,1746.25
127,2011,1746.25
127,2012,1746.25
127,2013,1746.25
127,2014,1746.25
127,2015,1746.25
129,2000,19502.75
129,2001,19502.75
129,2002,19502.75
129,2003,19502.75
129,2004,19502.75
129,2005,19502.75
129,2006,19502.75
129,2007,19502.75
129,2008,19502.75
129,2009,19502.75
129,2010,19502.75
129,2011,19502.75
129,2012,19502.75
129,2013,19502.75
129,2014,19502.75
129,2015,19502.75
130,2000,7305.75
130,2001,7305.75
130,2002,7305.75
130,2003,7305.75
130,2004,7305.75
130,2005,7305.75
130,2006,7305.75
130,2007,7305.75
130,2008,7305.75
130,2009,7305.75
130,2010,7305.75
130,2011,7305.75
130,2012,7305.75
130,2013,7305.75
130,2014,7305.75
130,2015,7305.75
131,2000,10215.5
131,2001,10215.5
131,2002,10215.5
131,2003,10215.5
131,2004,10215.5
131,2005,10215.5
131,2006,10215.5
131,2007,10215.5
131,2008,10215.5
131,2009,10215.5
131,2010,10215.5
131,2011,10215.5
131,2012,10215.5
131,2013,10215.5
131,2014,10215.5
131,2015,10215.5
132,2000,17183.75
132,2001,17183.75
132,2002,17183.75
132,2003,17183.75
132,2004,17183.75
132,2005,17183.75
132,2006,17183.75
132,2007,17183.75
132,2008,17183.75
132,2009,17183.75
132,2010,17183.75
132,2011,17183.75
132,2012,17183.75
132,2013,17183.75
132,2014,17183.75
132,2015,17183.75
133,2000,8877
133,2001,8877
133,2002,8877
133,2003,8877
133,2004,8877
133,2005,8877
133,2006,8877
133,2007,8877
133,2008,8877
133,2009,8877
133,2010,8877
133,2011,8877
133,2012,8877
133,2013,8877
133,2014,8877
133,2015,8877
134,2000,1911.5
134,2001,1911.5
134,2002,1911.5
134,2003,1911.5
134,2004,1911.5
134,2005,1911.5
134,2006,1911.5
134,2007,1911.5
134,2008,1911.5
134,2009,1911.5
134,2010,1911.5
134,2011,1911.5
134,2012,1911.5
134,2013,1911.5
134,2014,1911.5
134,2015,1911.5
135,2000,78568.25
135,2001,78568.25
135,2002,78568.25
135,2003,78568.25
135,2004,78568.25
135,2005,78568.25
135,2006,78568.25
135,2007,78568.25
135,2008,78568.25
135,2009,78568.25
135,2010,78568.25
135,2011,78568.25
135,2012,78568.25
135,2013,78568.25
135,2014,78568.25
135,2015,78568.25
136,2000,2176.5
136,2001,2176.5
136,2002,2176.5
136,2003,2176.5
136,2004,2176.5
136,2005,2176.5
136,2006,2176.5
136,2007,2176.5
136,2008,2176.5
136,2009,2176.5
136,2010,2176.5
136,2011,2176.5
136,2012,2176.5
136,2013,2176.5
136,2014,2176.5
136,2015,2176.5
137,2000,15809.5
137,2001,15809.5
137,2002,15809.5
137,2003,15809.5
137,2004,15809.5
137,2005,15809.5
137,2006,15809.5
137,2007,15809.5
137,2008,15809.5
137,2009,15809.5
137,2010,15809.5
137,2011,15809.5
137,2012,15809.5
137,2013,15809.5
137,2014,15809.5
137,2015,15809.5
138,2000,16739.5
138,2001,16739.5
138,2002,16739.5
138,2003,16739.5
138,2004,16739.5
138,2005,16739.5
138,2006,16739.5
138,2007,16739.5
138,2008,16739.5
138,2009,16739.5
138,2010,16739.5
138,2011,16739.5
138,2012,16739.5
138,2013,16739.5
138,2014,16739.5
138,2015,16739.5
139,2000,25886.5
139,2001,25886.5
139,2002,25886.5
139,2003,25886.5
139,2004,25886.5
139,2005,25886.5
139,2006,25886.5
139,2007,25886.5
139,2008,25886.5
139,2009,25886.5
139,2010,25886.5
139,2011,25886.5
139,2012,25886.5
139,2013,25886.5
139,2014,25886.5
139,2015,25886.5
140,2000,3790.5
140,2001,3790.5
140,2002,3790.5
140,2003,3790.5
140,2004,3790.5
140,2005,3790.5
140,2006,3790.5
140,2007,3790.5
140,2008,3790.5
140,2009,3790.5
140,2010,3790.5
140,2011,3790.5
140,2012,3790.5
140,2013,3790.5
140,2014,3790.5
140,2015,3790.5
141,2000,2983.25
141,2001,2983.25
141,2002,2983.25
141,2003,2983.25
141,2004,2983.25
141,2005,2983.25
141,2006,2983.25
141,2007,2983.25
141,2008,2983.25
141,2009,2983.25
141,2010,2983.25
141,2011,2983.25
141,2012,2983.25
141,2013,2983.25
141,2014,2983.25
141,2015,2983.25
143,2000,20701.75
143,2001,20701.75
143,2002,20701.75
143,2003,20701.75
143,2004,20701.75
143,2005,20701.75
143,2006,20701.75
143,2007,20701.75
143,2008,20701.75
143,2009,20701.75
143,2010,20701.75
143,2011,20701.75
143,2012,20701.75
143,2013,20701.75
143,2014,20701.75
143,2015,20701.75
144,2000,795.25
144,2001,795.25
144,2002,795.25
144,2003,795.25
144,2004,795.25
144,2005,795.25
144,2006,795.25
144,2007,795.25
144,2008,795.25
144,2009,795.25
144,2010,795.25
144,2011,795.25
144,2012,795.25
144,2013,795.25
144,2014,795.25
144,2015,795.25
145,2000,170737.25
145,2001,170737.25
145,2002,170737.25
145,2003,170737.25
145,2004,170737.25
145,2005,170737.25
145,2006,170737.25
145,2007,170737.25
145,2008,170737.25
145,2009,170737.25
145,2010,170737.25
145,2011,170737.25
145,2012,170737.25
145,2013,170737.25
145,2014,170737.25
145,2015,170737.25
146,2000,702.5
146,2001,702.5
146,2002,702.5
146,2003,702.5
146,2004,702.5
146,2005,702.5
146,2006,702.5
146,2007,702.5
146,2008,702.5
146,2009,702.5
146,2010,702.5
146,2011,702.5
146,2012,702.5
146,2013,702.5
146,2014,702.5
146,2015,702.5
147,2000,44909.5
147,2001,44909.5
147,2002,44909.5
147,2003,44909.5
147,2004,44909.5
147,2005,44909.5
147,2006,44909.5
147,2007,44909.5
147,2008,44909.5
147,2009,44909.5
147,2010,44909.5
147,2011,44909.5
147,2012,44909.5
147,2013,44909.5
147,2014,44909.5
147,2015,44909.5
148,2000,2734.75
148,2001,2734.75
148,2002,2734.75
148,2003,2734.75
148,2004,2734.75
148,2005,2734.75
148,2006,2734.75
148,2007,2734.75
148,2008,2734.75
148,2009,2734.75
148,2010,2734.75
148,2011,2734.75
148,2012,2734.75
148,2013,2734.75
148,2014,2734.75
148,2015,2734.75
149,2000,143.25
149,2001,143.25
149,2002,143.25
149,2003,143.25
149,2004,143.25
149,2005,143.25
149,2006,143.25
149,2007,143.25
149,2008,143.25
149,2009,143.25
149,2010,143.25
149,2011,143.25
149,2012,143.25
149,2013,143.25
149,2014,143.25
149,2015,143.25
150,2000,1912
150,2001,1912
150,2002,1912
150,2003,1912
150,2004,1912
150,2005,1912
150,2006,1912
150,2007,1912
150,2008,1912
150,2009,1912
150,2010,1912
150,2011,1912
150,2012,1912
150,2013,1912
150,2014,1912
150,2015,1912
151,2000,1341.75
151,2001,1341.75
151,2002,1341.75
151,2003,1341.75
151,2004,1341.75
151,2005,1341.75
151,2006,1341.75
151,2007,1341.75
151,2008,1341.75
151,2009,1341.75
151,2010,1341.75
151,2011,1341.75
151,2012,1341.75
151,2013,1341.75
151,2014,1341.75
151,2015,1341.75
152,2000,2409.5
152,2001,2409.5
152,2002,2409.5
152,2003,2409.5
152,2004,2409.5
152,2005,2409.5
152,2006,2409.5
152,2007,2409.5
152,2008,2409.5
152,2009,2409.5
152,2010,2409.5
152,2011,2409.5
152,2012,2409.5
152,2013,2409.5
152,2014,2409.5
152,2015,2409.5
153,2000,4153.25
153,2001,4153.25
153,2002,4153.25
153,2003,4153.25
153,2004,4153.25
153,2005,4153.25
153,2006,4153.25
153,2007,4153.25
153,2008,4153.25
153,2009,4153.25
153,2010,4153.25
153,2011,4153.25
153,2012,4153.25
153,2013,4153.25
153,2014,4153.25
153,2015,4153.25
154,2000,466.25
154,2001,466.25
154,2002,466.25
154,2003,466.25
154,2004,466.25
154,2005,466.25
154,2006,466.25
154,2007,466.25
154,2008,466.25
154,2009,466.25
154,2010,466.25
154,2011,466.25
154,2012,466.25
154,2013,466.25
154,2014,466.25
154,2015,466.25
155,2000,7434.5
155,2001,7434.5
155,2002,7434.5
155,2003,7434.5
155,2004,7434.5
155,2005,7434.5
155,2006,7434.5
155,2007,7434.5
155,2008,7434.5
155,2009,7434.5
155,2010,7434.5
155,2011,7434.5
155,2012,7434.5
155,2013,7434.5
155,2014,7434.5
155,2015,7434.5
156,2000,947.25
156,2001,947.25
156,2002,947.25
156,2003,947.25
156,2004,947.25
156,2005,947.25
156,2006,947.25
156,2007,947.25
156,2008,947.25
156,2009,947.25
156,2010,947.25
156,2011,947.25
156,2012,947.25
156,2013,947.25
156,2014,947.25
156,2015,947.25
157,2000,1510.75
157,2001,1510.75
157,2002,1510.75
157,2003,1510.75
157,2004,1510.75
157,2005,1510.75
157,2006,1510.75
157,2007,1510.75
157,2008,1510.75
157,2009,1510.75
157,2010,1510.75
157,2011,1510.75
157,2012,1510.75
157,2013,1510.75
157,2014,1510.75
157,2015,1510.75
158,2000,261
158,2001,261
158,2002,261
158,2003,261
158,2004,261
158,2005,261
158,2006,261
158,2007,261
158,2008,261
158,2009,261
158,2010,261
158,2011,261
158,2012,261
158,2013,261
158,2014,261
158,2015,261
159,2000,206.25
159,2001,206.25
159,2002,206.25
159,2003,206.25
159,2004,206.25
159,2005,206.25
159,2006,206.25
159,2007,206.25
159,2008,206.25
159,2009,206.25
159,2010,206.25
159,2011,206.25
159,2012,206.25
159,2013,206.25
159,2014,206.25
159,2015,206.25
161,2000,975.75
161,2001,975.75
161,2002,975.75
161,2003,975.75
161,2004,975.75
161,2005,975.75
161,2006,975.75
161,2007,975.75
161,2008,975.75
161,2009,975.75
161,2010,975.75
161,2011,975.75
161,2012,975.75
161,2013,975.75
161,2014,975.75
161,2015,975.75
162,2000,49999.25
162,2001,49999.25
162,2002,49999.25
162,2003,49999.25
162,2004,49999.25
162,2005,49999.25
162,2006,49999.25
162,2007,49999.25
162,2008,49999.25
162,2009,49999.25
162,2010,49999.25
162,2011,49999.25
162,2012,49999.25
162,2013,49999.25
162,2014,49999.25
162,2015,49999.25
163,2000,288518.5
163,2001,288518.5
163,2002,288518.5
163,2003,288518.5
163,2004,288518.5
163,2005,288518.5
163,2006,288518.5
163,2007,288518.5
163,2008,288518.5
163,2009,288518.5
163,2010,288518.5
163,2011,288518.5
163,2012,288518.5
163,2013,288518.5
163,2014,288518.5
163,2015,288518.5
164,2000,8815.5
164,2001,8815.5
164,2002,8815.5
164,2003,8815.5
164,2004,8815.5
164,2005,8815.5
164,2006,8815.5
164,2007,8815.5
164,2008,8815.5
164,2009,8815.5
164,2010,8815.5
164,2011,8815.5
164,2012,8815.5
164,2013,8815.5
164,2014,8815.5
164,2015,8815.5
166,2000,3886.75
166,2001,3886.75
166,2002,3886.75
166,2003,3886.75
166,2004,3886.75
166,2005,3886.75
166,2006,3886.75
166,2007,3886.75
166,2008,3886.75
166,2009,3886.75
166,2010,3886.75
166,2011,3886.75
166,2012,3886.75
166,2013,3886.75
166,2014,3886.75
166,2015,3886.75
167,2000,3164.25
167,2001,3164.25
167,2002,3164.25
167,2003,3164.25
167,2004,3164.25
167,2005,3164.25
167,2006,3164.25
167,2007,3164.25
167,2008,3164.25
167,2009,3164.25
167,2010,3164.25
167,2011,3164.25
167,2012,3164.25
167,2013,3164.25
167,2014,3164.25
167,2015,3164.25
168,2000,2458.75
168,2001,2458.75
168,2002,2458.75
168,2003,2458.75
168,2004,2458.75
168,2005,2458.75
168,2006,2458.75
168,2007,2458.75
168,2008,2458.75
168,2009,2458.75
168,2010,2458.75
168,2011,2458.75
168,2012,2458.75
168,2013,2458.75
168,2014,2458.75
168,2015,2458.75
169,2000,2818.25
169,2001,2818.25
169,2002,2818.25
169,2003,2818.25
169,2004,2818.25
169,2005,2818.25
169,2006,2818.25
169,2007,2818.25
169,2008,2818.25
169,2009,2818.25
169,2010,2818.25
169,2011,2818.25
169,2012,2818.25
169,2013,2818.25
169,2014,2818.25
169,2015,2818.25
171,2000,80510.75
171,2001,80510.75
171,2002,80510.75
171,2003,80510.75
171,2004,80510.75
171,2005,80510.75
171,2006,80510.75
171,2007,80510.75
171,2008,80510.75
171,2009,80510.75
171,2010,80510.75
171,2011,80510.75
171,2012,80510.75
171,2013,80510.75
171,2014,80510.75
171,2015,80510.75
172,2000,31391.25
172,2001,31391.25
172,2002,31391.25
172,2003,31391.25
172,2004,31391.25
172,2005,31391.25
172,2006,31391.25
172,2007,31391.25
172,2008,31391.25
172,2009,31391.25
172,2010,31391.25
172,2011,31391.25
172,2012,31391.25
172,2013,31391.25
172,2014,31391.25
172,2015,31391.25
173,2000,4251.25
173,2001,4251.25
173,2002,4251.25
173,2003,4251.25
173,2004,4251.25
173,2005,4251.25
173,2006,4251.25
173,2007,4251.25
173,2008,4251.25
173,2009,4251.25
173,2010,4251.25
173,2011,4251.25
173,2012,4251.25
173,2013,4251.25
173,2014,4251.25
173,2015,4251.25
174,2000,29401.5
174,2001,29401.5
174,2002,29401.5
174,2003,29401.5
174,2004,29401.5
174,2005,29401.5
174,2006,29401.5
174,2007,29401.5
174,2008,29401.5
174,2009,29401.5
174,2010,29401.5
174,2011,29401.5
174,2012,29401.5
174,2013,29401.5
174,2014,29401.5
174,2015,29401.5
175,2000,17881
175,2001,17881
175,2002,17881
175,2003,17881
175,2004,17881
175,2005,17881
175,2006,17881
175,2007,17881
175,2008,17881
175,2009,17881
175,2010,17881
175,2011,17881
175,2012,17881
175,2013,17881
175,2014,17881
175,2015,17881
176,2000,10804.75
176,2001,10804.75
176,2002,10804.75
176,2003,10804.75
176,2004,10804.75
176,2005,10804.75
176,2006,10804.75
176,2007,10804.75
176,2008,10804.75
176,2009,10804.75
176,2010,10804.75
176,2011,10804.75
176,2012,10804.75
176,2013,10804.75
176,2014,10804.75
176,2015,10804.75
177,2000,6159
177,2001,6159
177,2002,6159
177,2003,6159
177,2004,6159
177,2005,6159
177,2006,6159
177,2007,6159
177,2008,6159
177,2009,6159
177,2010,6159
177,2011,6159
177,2012,6159
177,2013,6159
177,2014,6159
177,2015,6159
178,2000,3471.75
178,2001,3471.75
178,2002,3471.75
178,2003,3471.75
178,2004,3471.75
178,2005,3471.75
178,2006,3471.75
178,2007,3471.75
178,2008,3471.75
178,2009,3471.75
178,2010,3471.75
178,2011,3471.75
178,2012,3471.75
178,2013,3471.75
178,2014,3471.75
178,2015,3471.75
179,2000,24071
179,2001,24071
179,2002,24071
179,2003,24071
179,2004,24071
179,2005,24071
179,2006,24071
179,2007,24071
179,2008,24071
179,2009,24071
179,2010,24071
179,2011,24071
179,2012,24071
179,2013,24071
179,2014,24071
179,2015,24071
180,2000,52700.5
180,2001,52700.5
180,2002,52700.5
180,2003,52700.5
180,2004,52700.5
180,2005,52700.5
180,2006,52700.5
180,2007,52700.5
180,2008,52700.5
180,2009,52700.5
180,2010,52700.5
180,2011,52700.5
180,2012,52700.5
180,2013,52700.5
180,2014,52700.5
180,2015,52700.5
181,2000,14602.25
181,2001,14602.25
181,2002,14602.25
181,2003,14602.25
181,2004,14602.25
181,2005,14602.25
181,2006,14602.25
181,2007,14602.25
181,2008,14602.25
181,2009,14602.25
181,2010,14602.25
181,2011,14602.25
181,2012,14602.25
181,2013,14602.25
181,2014,14602.25
181,2015,14602.25
182,2000,21315
182,2001,21315
182,2002,21315
182,2003,21315
182,2004,21315
182,2005,21315
182,2006,21315
182,2007,21315
182,2008,21315
182,2009,21315
182,2010,21315
182,2011,21315
182,2012,21315
182,2013,21315
182,2014,21315
182,2015,21315
183,2000,5270.75
183,2001,5270.75
183,2002,5270.75
183,2003,5270.75
183,2004,5270.75
183,2005,5270.75
183,2006,5270.75
183,2007,5270.75
183,2008,5270.75
183,2009,5270.75
183,2010,5270.75
183,2011,5270.75
183,2012,5270.75
183,2013,5270.75
183,2014,5270.75
183,2015,5270.75
184,2000,36984.5
184,2001,36984.5
184,2002,36984.5
184,2003,36984.5
184,2004,36984.5
184,2005,36984.5
184,2006,36984.5
184,2007,36984.5
184,2008,36984.5
184,2009,36984.5
184,2010,36984.5
184,2011,36984.5
184,2012,36984.5
184,2013,36984.5
184,2014,36984.5
184,2015,36984.5
185,2000,21
185,2001,21
185,2002,21
185,2003,21
185,2004,21
185,2005,21
185,2006,21
185,2007,21
185,2008,21
185,2009,21
185,2010,21
185,2011,21
185,2012,21
185,2013,21
185,2014,21
185,2015,21
186,2000,684.5
186,2001,684.5
186,2002,684.5
186,2003,684.5
186,2004,684.5
186,2005,684.5
186,2006,684.5
186,2007,684.5
186,2008,684.5
186,2009,684.5
186,2010,684.5
186,2011,684.5
186,2012,684.5
186,2013,684.5
186,2014,684.5
186,2015,684.5
187,2000,14462.25
187,2001,14462.25
187,2002,14462.25
187,2003,14462.25
187,2004,14462.25
187,2005,14462.25
187,2006,14462.25
187,2007,14462.25
187,2008,14462.25
187,2009,14462.25
187,2010,14462.25
187,2011,14462.25
187,2012,14462.25
187,2013,14462.25
187,2014,14462.25
187,2015,14462.25
188,2000,123.25
188,2001,123.25
188,2002,123.25
188,2003,123.25
188,2004,123.25
188,2005,123.25
188,2006,123.25
188,2007,123.25
188,2008,123.25
188,2009,123.25
188,2010,123.25
188,2011,123.25
188,2012,123.25
188,2013,123.25
188,2014,123.25
188,2015,123.25
189,2000,849
189,2001,849
189,2002,849
189,2003,849
189,2004,849
189,2005,849
189,2006,849
189,2007,849
189,2008,849
189,2009,849
189,2010,849
189,2011,849
189,2012,849
189,2013,849
189,2014,849
189,2015,849
190,2000,3071.25
190,2001,3071.25
190,2002,3071.25
190,2003,3071.25
190,2004,3071.25
190,2005,3071.25
190,2006,3071.25
190,2007,3071.25
190,2008,3071.25
190,2009,3071.25
190,2010,3071.25
190,2011,3071.25
190,2012,3071.25
190,2013,3071.25
190,2014,3071.25
190,2015,3071.25
191,2000,16170.25
191,2001,16170.25
191,2002,16170.25
191,2003,16170.25
191,2004,16170.25
191,2005,16170.25
191,2006,16170.25
191,2007,16170.25
191,2008,16170.25
191,2009,16170.25
191,2010,16170.25
191,2011,16170.25
191,2012,16170.25
191,2013,16170.25
191,2014,16170.25
191,2015,16170.25
192,2000,272.75
192,2001,272.75
192,2002,272.75
192,2003,272.75
192,2004,272.75
192,2005,272.75
192,2006,272.75
192,2007,272.75
192,2008,272.75
192,2009,272.75
192,2010,272.75
192,2011,272.75
192,2012,272.75
192,2013,272.75
192,2014,272.75
192,2015,272.75
193,2000,7968.75
193,2001,7968.75
193,2002,7968.75
193,2003,7968.75
193,2004,7968.75
193,2005,7968.75
193,2006,7968.75
193,2007,7968.75
193,2008,7968.75
193,2009,7968.75
193,2010,7968.75
193,2011,7968.75
193,2012,7968.75
193,2013,7968.75
193,2014,7968.75
193,2015,7968.75
194,2000,3326
194,2001,3326
194,2002,3326
194,2003,3326
194,2004,3326
194,2005,3326
194,2006,3326
194,2007,3326
194,2008,3326
194,2009,3326
194,2010,3326
194,2011,3326
194,2012,3326
194,2013,3326
194,2014,3326
194,2015,3326
195,2000,2970.75
195,2001,2970.75
195,2002,2970.75
195,2003,2970.75
195,2004,2970.75
195,2005,2970.75
195,2006,2970.75
195,2007,2970.75
195,2008,2970.75
195,2009,2970.75
195,2010,2970.75
195,2011,2970.75
195,2012,2970.75
195,2013,2970.75
195,2014,2970.75
195,2015,2970.75
196,2000,6123
196,2001,6123
196,2002,6123
196,2003,6123
196,2004,6123
196,2005,6123
196,2006,6123
196,2007,6123
196,2008,6123
196,2009,6123
196,2010,6123
196,2011,6123
196,2012,6123
196,2013,6123
196,2014,6123
196,2015,6123
197,2000,2960.5
197,2001,2960.5
197,2002,2960.5
197,2003,2960.5
197,2004,2960.5
197,2005,2960.5
197,2006,2960.5
197,2007,2960.5
197,2008,2960.5
197,2009,2960.5
197,2010,2960.5
197,2011,2960.5
197,2012,2960.5
197,2013,2960.5
197,2014,2960.5
197,2015,2960.5
198,2000,5549.5
198,2001,5549.5
198,2002,5549.5
198,2003,5549.5
198,2004,5549.5
198,2005,5549.5
198,2006,5549.5
198,2007,5549.5
198,2008,5549.5
198,2009,5549.5
198,2010,5549.5
198,2011,5549.5
198,2012,5549.5
198,2013,5549.5
198,2014,5549.5
198,2015,5549.5
199,2000,371.5
199,2001,371.5
199,2002,371.5
199,2003,371.5
199,2004,371.5
199,2005,371.5
199,2006,371.5
199,2007,371.5
199,2008,371.5
199,2009,371.5
199,2010,371.5
199,2011,371.5
199,2012,371.5
199,2013,371.5
199,2014,371.5
199,2015,371.5
200,2000,9713.5
200,2001,9713.5
200,2002,9713.5
200,2003,9713.5
200,2004,9713.5
200,2005,9713.5
200,2006,9713.5
200,2007,9713.5
200,2008,9713.5
200,2009,9713.5
200,2010,9713.5
200,2011,9713.5
200,2012,9713.5
200,2013,9713.5
200,2014,9713.5
200,2015,9713.5
202,2000,11384.75
202,2001,11384.75
202,2002,11384.75
202,2003,11384.75
202,2004,11384.75
202,2005,11384.75
202,2006,11384.75
202,2007,11384.75
202,2008,11384.75
202,2009,11384.75
202,2010,11384.75
202,2011,11384.75
202,2012,11384.75
202,2013,11384.75
202,2014,11384.75
202,2015,11384.75
203,2000,41021.5
203,2001,41021.5
203,2002,41021.5
203,2003,41021.5
203,2004,41021.5
203,2005,41021.5
203,2006,41021.5
203,2007,41021.5
203,2008,41021.5
203,2009,41021.5
203,2010,41021.5
203,2011,41021.5
203,2012,41021.5
203,2013,41021.5
203,2014,41021.5
203,2015,41021.5
204,2000,8704.25
204,2001,8704.25
204,2002,8704.25
204,2003,8704.25
204,2004,8704.25
204,2005,8704.25
204,2006,8704.25
204,2007,8704.25
204,2008,8704.25
204,2009,8704.25
204,2010,8704.25
204,2011,8704.25
204,2012,8704.25
204,2013,8704.25
204,2014,8704.25
204,2015,8704.25
205,2000,44077.5
205,2001,44077.5
205,2002,44077.5
205,2003,44077.5
205,2004,44077.5
205,2005,44077.5
205,2006,44077.5
205,2007,44077.5
205,2008,44077.5
205,2009,44077.5
205,2010,44077.5
205,2011,44077.5
205,2012,44077.5
205,2013,44077.5
205,2014,44077.5
205,2015,44077.5
206,2000,36421
206,2001,36421
206,2002,36421
206,2003,36421
206,2004,36421
206,2005,36421
206,2006,36421
206,2007,36421
206,2008,36421
206,2009,36421
206,2010,36421
206,2011,36421
206,2012,36421
206,2013,36421
206,2014,36421
206,2015,36421
207,2000,28751.25
207,2001,28751.25
207,2002,28751.25
207,2003,28751.25
207,2004,28751.25
207,2005,28751.25
207,2006,28751.25
207,2007,28751.25
207,2008,28751.25
207,2009,28751.25
207,2010,28751.25
207,2011,28751.25
207,2012,28751.25
207,2013,28751.25
207,2014,28751.25
207,2015,28751.25
208,2000,603
208,2001,603
208,2002,603
208,2003,603
208,2004,603
208,2005,603
208,2006,603
208,2007,603
208,2008,603
208,2009,603
208,2010,603
208,2011,603
208,2012,603
208,2013,603
208,2014,603
208,2015,603
209,2000,92425.25
209,2001,92425.25
209,2002,92425.25
209,2003,92425.25
209,2004,92425.25
209,2005,92425.25
209,2006,92425.25
209,2007,92425.25
209,2008,92425.25
209,2009,92425.25
209,2010,92425.25
209,2011,92425.25
209,2012,92425.25
209,2013,92425.25
209,2014,92425.25
209,2015,92425.25
210,2000,102282.75
210,2001,102282.75
210,2002,102282.75
210,2003,102282.75
210,2004,102282.75
210,2005,102282.75
210,2006,102282.75
210,2007,102282.75
210,2008,102282.75
210,2009,102282.75
210,2010,102282.75
210,2011,102282.75
210,2012,102282.75
210,2013,102282.75
210,2014,102282.75
210,2015,102282.75
212,2000,7924.25
212,2001,7924.25
212,2002,7924.25
212,2003,7924.25
212,2004,7924.25
212,2005,7924.25
212,2006,7924.25
212,2007,7924.25
212,2008,7924.25
212,2009,7924.25
212,2010,7924.25
212,2011,7924.25
212,2012,7924.25
212,2013,7924.25
212,2014,7924.25
212,2015,7924.25
213,2000,283374.75
213,2001,283374.75
213,2002,283374.75
213,2003,283374.75
213,2004,283374.75
213,2005,283374.75
213,2006,283374.75
213,2007,283374.75
213,2008,283374.75
213,2009,283374.75
213,2010,283374.75
213,2011,283374.75
213,2012,283374.75
213,2013,283374.75
213,2014,283374.75
213,2015,283374.75
214,2000,19809
214,2001,19809
214,2002,19809
214,2003,19809
214,2004,19809
214,2005,19809
214,2006,19809
214,2007,19809
214,2008,19809
214,2009,19809
214,2010,19809
214,2011,19809
214,2012,19809
214,2013,19809
214,2014,19809
214,2015,19809
215,2000,90
215,2001,90
215,2002,90
215,2003,90
215,2004,90
215,2005,90
215,2006,90
215,2007,90
215,2008,90
215,2009,90
215,2010,90
215,2011,90
215,2012,90
215,2013,90
215,2014,90
215,2015,90
216,2000,404364
216,2001,404364
216,2002,404364
216,2003,404364
216,2004,404364
216,2005,404364
216,2006,404364
216,2007,404364
216,2008,404364
216,2009,404364
216,2010,404364
216,2011,404364
216,2012,404364
216,2013,404364
216,2014,404364
216,2015,404364
218,2000,621887.75
218,2001,621887.75
218,2002,621887.75
218,2003,621887.75
218,2004,621887.75
218,2005,621887.75
218,2006,621887.75
218,2007,621887.75
218,2008,621887.75
218,2009,621887.75
218,2010,621887.75
218,2011,621887.75
218,2012,621887.75
218,2013,621887.75
218,2014,621887.75
218,2015,621887.75
219,2000,895.5
219,2001,895.5
219,2002,895.5
219,2003,895.5
219,2004,895.5
219,2005,895.5
219,2006,895.5
219,2007,895.5
219,2008,895.5
219,2009,895.5
219,2010,895.5
219,2011,895.5
219,2012,895.5
219,2013,895.5
219,2014,895.5
219,2015,895.5
220,2000,156.5
220,2001,156.5
220,2002,156.5
220,2003,156.5
220,2004,156.5
220,2005,156.5
220,2006,156.5
220,2007,156.5
220,2008,156.5
220,2009,156.5
220,2010,156.5
220,2011,156.5
220,2012,156.5
220,2013,156.5
220,2014,156.5
220,2015,156.5
221,2000,645.75
221,2001,645.75
221,2002,645.75
221,2003,645.75
221,2004,645.75
221,2005,645.75
221,2006,645.75
221,2007,645.75
221,2008,645.75
221,2009,645.75
221,2010,645.75
221,2011,645.75
221,2012,645.75
221,2013,645.75
221,2014,645.75
221,2015,645.75
222,2000,32976.75
222,2001,32976.75
222,2002,32976.75
222,2003,32976.75
222,2004,32976.75
222,2005,32976.75
222,2006,32976.75
222,2007,32976.75
222,2008,32976.75
222,2009,32976.75
222,2010,32976.75
222,2011,32976.75
222,2012,32976.75
222,2013,32976.75
222,2014,32976.75
222,2015,32976.75
223,2000,104353.25
223,2001,104353.25
223,2002,104353.25
223,2003,104353.25
223,2004,104353.25
223,2005,104353.25
223,2006,104353.25
223,2007,104353.25
223,2008,104353.25
223,2009,104353.25
223,2010,104353.25
223,2011,104353.25
223,2012,104353.25
223,2013,104353.25
223,2014,104353.25
223,2015,104353.25
224,2000,119571.5
224,2001,119571.5
224,2002,119571.5
224,2003,119571.5
224,2004,119571.5
224,2005,119571.5
224,2006,119571.5
224,2007,119571.5
224,2008,119571.5
224,2009,119571.5
224,2010,119571.5
224,2011,119571.5
224,2012,119571.5
224,2013,119571.5
224,2014,119571.5
224,2015,119571.5
227,2000,1176
227,2001,1176
227,2002,1176
227,2003,1176
227,2004,1176
227,2005,1176
227,2006,1176
227,2007,1176
227,2008,1176
227,2009,1176
227,2010,1176
227,2011,1176
227,2012,1176
227,2013,1176
227,2014,1176
227,2015,1176
228,2000,867
228,2001,867
228,2002,867
228,2003,867
228,2004,867
228,2005,867
228,2006,867
228,2007,867
228,2008,867
228,2009,867
228,2010,867
228,2011,867
228,2012,867
228,2013,867
228,2014,867
228,2015,867
231,2000,3894.75
231,2001,3894.75
231,2002,3894.75
231,2003,3894.75
231,2004,3894.75
231,2005,3894.75
231,2006,3894.75
231,2007,3894.75
231,2008,3894.75
231,2009,3894.75
231,2010,3894.75
231,2011,3894.75
231,2012,3894.75
231,2013,3894.75
231,2014,3894.75
231,2015,3894.75
232,2000,12.75
232,2001,12.75
232,2002,12.75
232,2003,12.75
232,2004,12.75
232,2005,12.75
232,2006,12.75
232,2007,12.75
232,2008,12.75
232,2009,12.75
232,2010,12.75
232,2011,12.75
232,2012,12.75
232,2013,12.75
232,2014,12.75
232,2015,12.75
237,2000,311.5
237,2001,311.5
237,2002,311.5
237,2003,311.5
237,2004,311.5
237,2005,311.5
237,2006,311.5
237,2007,311.5
237,2008,311.5
237,2009,311.5
237,2010,311.5
237,2011,311.5
237,2012,311.5
237,2013,311.5
237,2014,311.5
237,2015,311.5
244,2000,996.5
244,2001,996.5
244,2002,996.5
244,2003,996.5
244,2004,996.5
244,2005,996.5
244,2006,996.5
244,2007,996.5
244,2008,996.5
244,2009,996.5
244,2010,996.5
244,2011,996.5
244,2012,996.5
244,2013,996.5
244,2014,996.5
244,2015,996.5
245,2000,656.75
245,2001,656.75
245,2002,656.75
245,2003,656.75
245,2004,656.75
245,2005,656.75
245,2006,656.75
245,2007,656.75
245,2008,656.75
245,2009,656.75
245,2010,656.75
245,2011,656.75
245,2012,656.75
245,2013,656.75
245,2014,656.75
245,2015,656.75
247,2000,1007
247,2001,1007
247,2002,1007
247,2003,1007
247,2004,1007
247,2005,1007
247,2006,1007
247,2007,1007
247,2008,1007
247,2009,1007
247,2010,1007
247,2011,1007
247,2012,1007
247,2013,1007
247,2014,1007
247,2015,1007
248,2000,179
248,2001,179
248,2002,179
248,2003,179
248,2004,179
248,2005,179
248,2006,179
248,2007,179
248,2008,179
248,2009,179
248,2010,179
248,2011,179
248,2012,179
248,2013,179
248,2014,179
248,2015,179
249,2000,211.25
249,2001,211.25
249,2002,211.25
249,2003,211.25
249,2004,211.25
249,2005,211.25
249,2006,211.25
249,2007,211.25
249,2008,211.25
249,2009,211.25
249,2010,211.25
249,2011,211.25
249,2012,211.25
249,2013,211.25
249,2014,211.25
249,2015,211.25
250,2000,494.25
250,2001,494.25
250,2002,494.25
250,2003,494.25
250,2004,494.25
250,2005,494.25
250,2006,494.25
250,2007,494.25
250,2008,494.25
250,2009,494.25
250,2010,494.25
250,2011,494.25
250,2012,494.25
250,2013,494.25
250,2014,494.25
250,2015,494.25
272,2000,4.5
272,2001,4.5
272,2002,4.5
272,2003,4.5
272,2004,4.5
272,2005,4.5
272,2006,4.5
272,2007,4.5
272,2008,4.5
272,2009,4.5
272,2010,4.5
272,2011,4.5
272,2012,4.5
272,2013,4.5
272,2014,4.5
272,2015,4.5
260,2000,NA
260,2001,NA
260,2002,NA
260,2003,NA
260,2004,NA
260,2005,NA
260,2006,NA
260,2007,NA
260,2008,NA
260,2009,NA
260,2010,NA
260,2011,NA
260,2012,NA
260,2013,NA
260,2014,NA
260,2015,NA
261,2000,NA
261,2001,NA
261,2002,NA
261,2003,NA
261,2004,NA
261,2005,NA
261,2006,NA
261,2007,NA
261,2008,NA
261,2009,NA
261,2010,NA
261,2011,NA
261,2012,NA
261,2013,NA
261,2014,NA
261,2015,NA
262,2000,NA
262,2001,NA
262,2002,NA
262,2003,NA
262,2004,NA
262,2005,NA
262,2006,NA
262,2007,NA
262,2008,NA
262,2009,NA
262,2010,NA
262,2011,NA
262,2012,NA
262,2013,NA
262,2014,NA
262,2015,NA
263,2000,NA
263,2001,NA
263,2002,NA
263,2003,NA
263,2004,NA
263,2005,NA
263,2006,NA
263,2007,NA
263,2008,NA
263,2009,NA
263,2010,NA
263,2011,NA
263,2012,NA
263,2013,NA
263,2014,NA
263,2015,NA
264,2000,NA
264,2001,NA
264,2002,NA
264,2003,NA
264,2004,NA
264,2005,NA
264,2006,NA
264,2007,NA
264,2008,NA
264,2009,NA
264,2010,NA
264,2011,NA
264,2012,NA
264,2013,NA
264,2014,NA
264,2015,NA
266,2000,NA
266,2001,NA
266,2002,NA
266,2003,NA
266,2004,NA
266,2005,NA
266,2006,NA
266,2007,NA
266,2008,NA
266,2009,NA
266,2010,NA
266,2011,NA
266,2012,NA
266,2013,NA
266,2014,NA
266,2015,NA
267,2000,NA
267,2001,NA
267,2002,NA
267,2003,NA
267,2004,NA
267,2005,NA
267,2006,NA
267,2007,NA
267,2008,NA
267,2009,NA
267,2010,NA
267,2011,NA
267,2012,NA
267,2013,NA
267,2014,NA
267,2015,NA
269,2000,NA
269,2001,NA
269,2002,NA
269,2003,NA
269,2004,NA
269,2005,NA
269,2006,NA
269,2007,NA
269,2008,NA
269,2009,NA
269,2010,NA
269,2011,NA
269,2012,NA
269,2013,NA
269,2014,NA
269,2015,NA
270,2000,NA
270,2001,NA
270,2002,NA
270,2003,NA
270,2004,NA
270,2005,NA
270,2006,NA
270,2007,NA
270,2008,NA
270,2009,NA
270,2010,NA
270,2011,NA
270,2012,NA
270,2013,NA
270,2014,NA
270,2015,NA
273,2000,NA
273,2001,NA
273,2002,NA
273,2003,NA
273,2004,NA
273,2005,NA
273,2006,NA
273,2007,NA
273,2008,NA
273,2009,NA
273,2010,NA
273,2011,NA
273,2012,NA
273,2013,NA
273,2014,NA
273,2015,NA
274,2000,NA
274,2001,NA
274,2002,NA
274,2003,NA
274,2004,NA
274,2005,NA
274,2006,NA
274,2007,NA
274,2008,NA
274,2009,NA
274,2010,NA
274,2011,NA
274,2012,NA
274,2013,NA
274,2014,NA
274,2015,NA
275,2000,NA
275,2001,NA
275,2002,NA
275,2003,NA
275,2004,NA
275,2005,NA
275,2006,NA
275,2007,NA
275,2008,NA
275,2009,NA
275,2010,NA
275,2011,NA
275,2012,NA
275,2013,NA
275,2014,NA
275,2015,NA
276,2000,NA
276,2001,NA
276,2002,NA
276,2003,NA
276,2004,NA
276,2005,NA
276,2006,NA
276,2007,NA
276,2008,NA
276,2009,NA
276,2010,NA
276,2011,NA
276,2012,NA
276,2013,NA
276,2014,NA
276,2015,NA
277,2000,NA
277,2001,NA
277,2002,NA
277,2003,NA
277,2004,NA
277,2005,NA
277,2006,NA
277,2007,NA
277,2008,NA
277,2009,NA
277,2010,NA
277,2011,NA
277,2012,NA
277,2013,NA
277,2014,NA
277,2015,NA
NA,2000,NA
NA,2001,NA
NA,2002,NA
NA,2003,NA
NA,2004,NA
NA,2005,NA
NA,2006,NA
NA,2007,NA
NA,2008,NA
NA,2009,NA
NA,2010,NA
NA,2011,NA
NA,2012,NA
NA,2013,NA
NA,2014,NA
NA,2015,NA
